Code,Date,CompanyName,CompanyNameEnglish,Sector17Code,Sector17CodeName,Sector33Code,Sector33CodeName,ScaleCategory,MarketCode,MarketCodeName
13050,2023-03-14 00:00:00+00:00,大和アセットマネジメント株式会社　ダイワ上場投信?トピックス,Daiwa ETF-TOPIX,99,その他,9999,その他,-,109,その他
13060,2023-03-14 00:00:00+00:00,野村アセットマネジメント株式会社　ＮＥＸＴ　ＦＵＮＤＳ　ＴＯＰＩＸ連動型上場投信,NEXT FUNDS TOPIX Exchange Traded Fund,99,その他,9999,その他,-,109,その他
13080,2023-03-14 00:00:00+00:00,日興アセットマネジメント株式会社　　上場インデックスファンドＴＯＰＩＸ,Nikko Exchange Traded Index Fund TOPIX,99,その他,9999,その他,-,109,その他
13090,2023-03-14 00:00:00+00:00,野村アセットマネジメント株式会社　ＮＥＸＴ　ＦＵＮＤＳ　ＣｈｉｎａＡＭＣ・中国株式・上証５０連動型上場投信,NEXT FUNDS ChinaAMC SSE50 Index Exchange Traded Fund,99,その他,9999,その他,-,109,その他
13110,2023-03-14 00:00:00+00:00,野村アセットマネジメント株式会社　ＮＥＸＴ　ＦＵＮＤＳ　ＴＯＰＩＸ　Ｃｏｒｅ　３０連動型上場投信,NEXT FUNDS TOPIX Core 30 Exchange Traded Fund,99,その他,9999,その他,-,109,その他
13190,2023-03-14 00:00:00+00:00,野村アセットマネジメント株式会社　ＮＥＸＴ　ＦＵＮＤＳ　日経３００株価指数連動型上場投信,NEXT FUNDS Nikkei 300 Index Exchange Traded Fund,99,その他,9999,その他,-,109,その他
13200,2023-03-14 00:00:00+00:00,大和アセットマネジメント株式会社　　ダイワ上場投信?日経２２５,Daiwa ETF-Nikkei 225,99,その他,9999,その他,-,109,その他
13210,2023-03-14 00:00:00+00:00,野村アセットマネジメント株式会社　ＮＥＸＴ　ＦＵＮＤＳ　日経２２５連動型上場投信,NEXT FUNDS Nikkei 225 Exchange Traded Fund,99,その他,9999,その他,-,109,その他
13220,2023-03-14 00:00:00+00:00,日興アセットマネジメント株式会社　上場インデックスファンド中国Ａ株（パンダ）Ｅ　Ｆｕｎｄ　ＣＳＩ３００,Listed Index Fund China A Share (Panda) E Fund CSI300,99,その他,9999,その他,-,109,その他
13240,2023-03-14 00:00:00+00:00,野村アセットマネジメント株式会社　ＮＥＸＴ　ＦＵＮＤＳ　ロシア株式指数連動型上場投信,NEXT FUNDS Russian Equity Index Exchange Traded Fund,99,その他,9999,その他,-,109,その他
13250,2023-03-14 00:00:00+00:00,野村アセットマネジメント株式会社　ＮＥＸＴ　ＦＵＮＤＳ　ブラジル株式指数・ボベスパ連動型上場投信,NEXT FUNDS Ibovespa Linked Exchange Traded Fund,99,その他,9999,その他,-,109,その他
13260,2023-03-14 00:00:00+00:00,ワールド・ゴールド・トラスト・サービシズ・エルエルシー　ＳＰＤＲゴールド・シェア,SPDR Gold Shares,99,その他,9999,その他,-,109,その他
13280,2023-03-14 00:00:00+00:00,野村アセットマネジメント株式会社　ＮＥＸＴ　ＦＵＮＤＳ　金価格連動型上場投信,NEXT FUNDS Gold Price Exchange Traded Fund,99,その他,9999,その他,-,109,その他
13290,2023-03-14 00:00:00+00:00,ブラックロック・ジャパン株式会社　　ｉシェアーズ・コア　日経２２５　ＥＴＦ,iShares Core Nikkei 225 ETF,99,その他,9999,その他,-,109,その他
13300,2023-03-14 00:00:00+00:00,日興アセットマネジメント株式会社　　上場インデックスファンド２２５,Nikko Exchange Traded Index Fund 225,99,その他,9999,その他,-,109,その他
13430,2023-03-14 00:00:00+00:00,野村アセットマネジメント株式会社　ＮＥＸＴ　ＦＵＮＤＳ　東証ＲＥＩＴ指数連動型上場投信,NEXT FUNDS REIT INDEX ETF,99,その他,9999,その他,-,109,その他
13450,2023-03-14 00:00:00+00:00,日興アセットマネジメント株式会社　上場インデックスファンドＪリート（東証ＲＥＩＴ指数）隔月分配型,Listed Index Fund J-REIT (Tokyo Stock Exchange REIT Index),99,その他,9999,その他,-,109,その他
13460,2023-03-14 00:00:00+00:00,三菱ＵＦＪ国際投信株式会社　ＭＡＸＩＳ　日経２２５上場投信,MAXIS NIKKEI225 ETF,99,その他,9999,その他,-,109,その他
13480,2023-03-14 00:00:00+00:00,三菱ＵＦＪ国際投信株式会社　ＭＡＸＩＳ　トピックス上場投信,MAXIS TOPIX ETF,99,その他,9999,その他,-,109,その他
13490,2023-03-14 00:00:00+00:00,ステート・ストリート・グローバル・アドバイザーズ・シンガポール・リミテッド　ＡＢＦ汎アジア債券インデックス・ファンド,ABF PAN ASIA BOND INDEX FUND,99,その他,9999,その他,-,109,その他
13560,2023-03-14 00:00:00+00:00,シンプレクス・アセット・マネジメント株式会社　ＴＯＰＩＸベア２倍上場投信,TOPIX Bear -2x ETF,99,その他,9999,その他,-,109,その他
13570,2023-03-14 00:00:00+00:00,野村アセットマネジメント株式会社　ＮＥＸＴ　ＦＵＮＤＳ　日経平均ダブルインバース・インデックス連動型上場投信,NEXT FUNDS Nikkei 225 Double Inverse Index ETF,99,その他,9999,その他,-,109,その他
13580,2023-03-14 00:00:00+00:00,日興アセットマネジメント株式会社　上場インデックスファンド日経レバレッジ指数,Listed Index Fund Nikkei Leveraged Index,99,その他,9999,その他,-,109,その他
13600,2023-03-14 00:00:00+00:00,シンプレクス・アセット・マネジメント株式会社　日経平均ベア２倍上場投信,Nikkei225 Bear -2x ETF,99,その他,9999,その他,-,109,その他
13640,2023-03-14 00:00:00+00:00,ブラックロック・ジャパン株式会社　ｉシェアーズ　ＪＰＸ日経４００　ＥＴＦ,iShares JPX-Nikkei 400 ETF,99,その他,9999,その他,-,109,その他
13650,2023-03-14 00:00:00+00:00,大和アセットマネジメント株式会社　ダイワ上場投信?日経平均レバレッジ・インデックス,Daiwa ETF Japan Nikkei225 Leveraged Index,99,その他,9999,その他,-,109,その他
13660,2023-03-14 00:00:00+00:00,大和アセットマネジメント株式会社　ダイワ上場投信?日経平均ダブルインバース・インデックス,Daiwa ETF Japan Nikkei225 Double Inverse Index,99,その他,9999,その他,-,109,その他
13670,2023-03-14 00:00:00+00:00,大和アセットマネジメント株式会社　ダイワ上場投信?ＴＯＰＩＸレバレッジ（２倍）指数,Daiwa ETF Japan TOPIX Leveraged (2x) Index,99,その他,9999,その他,-,109,その他
13680,2023-03-14 00:00:00+00:00,大和アセットマネジメント株式会社　ダイワ上場投信?ＴＯＰＩＸダブルインバース（?２倍）指数,Daiwa ETF Japan TOPIX Double Inverse (-2x) Index,99,その他,9999,その他,-,109,その他
13690,2023-03-14 00:00:00+00:00,アセットマネジメントＯｎｅ株式会社　Ｏｎｅ　ＥＴＦ　日経２２５,One ETF Nikkei225,99,その他,9999,その他,-,109,その他
13850,2023-03-14 00:00:00+00:00,ＵＢＳ（Ｌｕｘ）ファンド・ソリューションズ・シキャブ　ＵＢＳ　ＥＴＦ　ユーロ圏大型株５０（ユーロ・ストックス５０）,UBS ETF EURO STOXX 50 UCITS ETF-JDR,99,その他,9999,その他,-,109,その他
13860,2023-03-14 00:00:00+00:00,ＵＢＳ（Ｌｕｘ）ファンド・ソリューションズ・シキャブ　ＵＢＳ　ＥＴＦ　欧州株（ＭＳＣＩヨーロッパ）,UBS ETF MSCI Europe UCITS ETF-JDR,99,その他,9999,その他,-,109,その他
13870,2023-03-14 00:00:00+00:00,ＵＢＳ（Ｌｕｘ）ファンド・ソリューションズ・シキャブ　ＵＢＳ　ＥＴＦ　ユーロ圏株（ＭＳＣＩ　ＥＭＵ）,UBS ETF MSCI EMU UCITS ETF-JDR,99,その他,9999,その他,-,109,その他
13880,2023-03-14 00:00:00+00:00,ＵＢＳ（Ｌｕｘ）ファンド・ソリューションズ・シキャブ　ＵＢＳ　ＥＴＦ　ユーロ圏小型株（ＭＳＣＩ　ＥＭＵ小型株）,UBS ETF MSCI EMU Small Cap UCITS ETF-JDR,99,その他,9999,その他,-,109,その他
13890,2023-03-14 00:00:00+00:00,ＵＢＳ（Ｌｕｘ）ファンド・ソリューションズ・シキャブ　ＵＢＳ　ＥＴＦ　英国大型株１００（ＦＴＳＥ　１００）,UBS ETF FTSE 100 UCITS ETF-JDR,99,その他,9999,その他,-,109,その他
13900,2023-03-14 00:00:00+00:00,ＵＢＳ（Ｌｕｘ）ファンド・ソリューションズ・シキャブ　ＵＢＳ　ＥＴＦ　ＭＳＣＩアジア太平洋株（除く日本）,UBS ETF MSCI Pacific (ex Japan) UCITS ETF-JDR,99,その他,9999,その他,-,109,その他
13910,2023-03-14 00:00:00+00:00,ＵＢＳ（Ｌｕｘ）ファンド・ソリューションズ・シキャブ　ＵＢＳ　ＥＴＦ　スイス株（ＭＳＣＩスイス２０／３５）,UBS ETF MSCI Switzerland 20/35 UCITS ETF-JDR,99,その他,9999,その他,-,109,その他
13920,2023-03-14 00:00:00+00:00,ＵＢＳ（Ｌｕｘ）ファンド・ソリューションズ・シキャブ　ＵＢＳ　ＥＴＦ　英国株（ＭＳＣＩ英国）,UBS ETF MSCI United Kingdom UCITS ETF-JDR,99,その他,9999,その他,-,109,その他
13930,2023-03-14 00:00:00+00:00,ＵＢＳ（Ｌｕｘ）ファンド・ソリューションズ・シキャブ　ＵＢＳ　ＥＴＦ　米国株（ＭＳＣＩ米国）,UBS ETF MSCI USA UCITS ETF-JDR,99,その他,9999,その他,-,109,その他
13940,2023-03-14 00:00:00+00:00,ＵＢＳ（Ｌｕｘ）ファンド・ソリューションズ・シキャブ　ＵＢＳ　ＥＴＦ　先進国株（ＭＳＣＩワールド）,UBS ETF MSCI World UCITS ETF-JDR,99,その他,9999,その他,-,109,その他
13970,2023-03-14 00:00:00+00:00,三井住友ＤＳアセットマネジメント株式会社　ＳＭＤＡＭ　日経２２５上場投信,SMDAM NIKKEI225 ETF,99,その他,9999,その他,-,109,その他
13980,2023-03-14 00:00:00+00:00,三井住友ＤＳアセットマネジメント株式会社　ＳＭＤＡＭ　東証ＲＥＩＴ指数上場投信,SMDAM REIT Index ETF,99,その他,9999,その他,-,109,その他
13990,2023-03-14 00:00:00+00:00,日興アセットマネジメント株式会社　上場インデックスファンドＭＳＣＩ日本株高配当低ボラティリティ,Listed Index Fund MSCI Japan Equity High Dividend Low Volatility,99,その他,9999,その他,-,109,その他
14560,2023-03-14 00:00:00+00:00,大和アセットマネジメント株式会社　ダイワ上場投信?日経平均インバース・インデックス,Daiwa ETF Japan Nikkei225 Inverse Index,99,その他,9999,その他,-,109,その他
14570,2023-03-14 00:00:00+00:00,大和アセットマネジメント株式会社　ダイワ上場投信?ＴＯＰＩＸインバース（?１倍）指数,Daiwa ETF Japan TOPIX Inverse (-1x) Index,99,その他,9999,その他,-,109,その他
14580,2023-03-14 00:00:00+00:00,楽天投信投資顧問株式会社　楽天ＥＴＦ‐日経レバレッジ指数連動型,Rakuten ETF - Nikkei 225 Leveraged Index,99,その他,9999,その他,-,109,その他
14590,2023-03-14 00:00:00+00:00,楽天投信投資顧問株式会社　楽天ＥＴＦ‐日経ダブルインバース指数連動型,Rakuten ETF - Nikkei 225 Double Inverse Index,99,その他,9999,その他,-,109,その他
14640,2023-03-14 00:00:00+00:00,大和アセットマネジメント株式会社　ダイワ上場投信?ＪＰＸ日経４００レバレッジ・インデックス,Daiwa ETF Japan JPX-Nikkei 400 Leveraged (2x) Index,99,その他,9999,その他,-,109,その他
14650,2023-03-14 00:00:00+00:00,大和アセットマネジメント株式会社　ダイワ上場投信?ＪＰＸ日経４００インバース・インデックス,Daiwa ETF Japan JPX-Nikkei 400 Inverse (-1x) Index,99,その他,9999,その他,-,109,その他
14660,2023-03-14 00:00:00+00:00,大和アセットマネジメント株式会社　ダイワ上場投信?ＪＰＸ日経４００ダブルインバース・インデックス,Daiwa ETF Japan JPX-Nikkei 400 Double Inverse (-2x) Index,99,その他,9999,その他,-,109,その他
14670,2023-03-14 00:00:00+00:00,シンプレクス・アセット・マネジメント株式会社　ＪＰＸ日経４００ブル２倍上場投信（レバレッジ）,JPX-Nikkei 400 Bull 2x Leveraged ETF,99,その他,9999,その他,-,109,その他
14680,2023-03-14 00:00:00+00:00,シンプレクス・アセット・マネジメント株式会社　ＪＰＸ日経４００ベア上場投信（インバース）,JPX-Nikkei 400 Bear -1x Inverse ETF,99,その他,9999,その他,-,109,その他
14690,2023-03-14 00:00:00+00:00,シンプレクス・アセット・マネジメント株式会社　ＪＰＸ日経４００ベア２倍上場投信（ダブルインバース）,JPX-Nikkei 400 Bear -2x Double Inverse ETF,99,その他,9999,その他,-,109,その他
14720,2023-03-14 00:00:00+00:00,野村アセットマネジメント株式会社　ＮＥＸＴ　ＦＵＮＤＳ　ＪＰＸ日経４００ダブルインバース・インデックス連動型上場投信,NEXT FUNDS JPX-Nikkei 400 Double Inverse Index Exchange Traded Fund,99,その他,9999,その他,-,109,その他
14730,2023-03-14 00:00:00+00:00,アセットマネジメントＯｎｅ株式会社　Ｏｎｅ　ＥＴＦ　トピックス,One ETF TOPIX,99,その他,9999,その他,-,109,その他
14740,2023-03-14 00:00:00+00:00,アセットマネジメントＯｎｅ株式会社　Ｏｎｅ　ＥＴＦ　ＪＰＸ日経４００,One ETF JPX-Nikkei 400,99,その他,9999,その他,-,109,その他
14750,2023-03-14 00:00:00+00:00,ブラックロック・ジャパン株式会社　ｉシェアーズ・コア　ＴＯＰＩＸ　ＥＴＦ,iShares Core TOPIX ETF,99,その他,9999,その他,-,109,その他
14760,2023-03-14 00:00:00+00:00,ブラックロック・ジャパン株式会社　ｉシェアーズ・コア　Ｊリート　ＥＴＦ,iShares Core Japan REIT ETF,99,その他,9999,その他,-,109,その他
14770,2023-03-14 00:00:00+00:00,ブラックロック・ジャパン株式会社　ｉシェアーズ　ＭＳＣＩ　日本株最小分散　ＥＴＦ,iShares MSCI Japan Minimum Volatility (ex-REITs) ETF,99,その他,9999,その他,-,109,その他
14780,2023-03-14 00:00:00+00:00,ブラックロック・ジャパン株式会社　ｉシェアーズ　ＭＳＣＩ　ジャパン高配当利回り　ＥＴＦ,iShares MSCI Japan High Dividend ETF,99,その他,9999,その他,-,109,その他
14790,2023-03-14 00:00:00+00:00,大和アセットマネジメント株式会社　ダイワ上場投信?ＭＳＣＩ日本株人材設備投資指数,Daiwa ETF MSCI Japan Human and Physical Investment Index,99,その他,9999,その他,-,109,その他
14800,2023-03-14 00:00:00+00:00,野村アセットマネジメント株式会社　ＮＥＸＴ　ＦＵＮＤＳ　野村企業価値分配指数連動型上場投信,NEXT FUNDS Nomura Enterprise Value Allocation Index Exchange Traded Fund,99,その他,9999,その他,-,109,その他
14810,2023-03-14 00:00:00+00:00,日興アセットマネジメント株式会社　上場インデックスファンド日本経済貢献株,Listed Index Fund Japanese Economy Contributor Stocks,99,その他,9999,その他,-,109,その他
14820,2023-03-14 00:00:00+00:00,ブラックロック・ジャパン株式会社　ｉシェアーズ・コア　米国債７?１０年　ＥＴＦ（為替ヘッジあり）,iShares Core 7-10 Year US Treasury Bond JPY Hedged ETF,99,その他,9999,その他,-,109,その他
14830,2023-03-14 00:00:00+00:00,ブラックロック・ジャパン株式会社　ｉシェアーズ　ＪＰＸ／Ｓ＆Ｐ設備・人材投資　ＥＴＦ,iShares JPX/S&P CAPEX & Human Capital ETF,99,その他,9999,その他,-,109,その他
14840,2023-03-14 00:00:00+00:00,アセットマネジメントＯｎｅ株式会社　Ｏｎｅ　ＥＴＦ　ＪＰＸ／Ｓ＆Ｐ　設備・人材投資指数,One ETF JPX/S&P CAPEX & Human Capital Index,99,その他,9999,その他,-,109,その他
14850,2023-03-14 00:00:00+00:00,三菱ＵＦＪ国際投信株式会社　ＭＡＸＩＳ　ＪＡＰＡＮ　設備・人材積極投資企業２００上場投信,MAXIS JAPAN Proactive Investment in Physical and Human Capital 200 Index ETF,99,その他,9999,その他,-,109,その他
14860,2023-03-14 00:00:00+00:00,日興アセットマネジメント株式会社　上場インデックスファンド米国債券（為替ヘッジなし）,Listed Index Fund US Bond (No Currency Hedge),99,その他,9999,その他,-,109,その他
14870,2023-03-14 00:00:00+00:00,日興アセットマネジメント株式会社　上場インデックスファンド米国債券（為替ヘッジあり）,Listed Index Fund US Bond (Currency Hedge),99,その他,9999,その他,-,109,その他
14880,2023-03-14 00:00:00+00:00,大和アセットマネジメント株式会社　ダイワ上場投信?東証ＲＥＩＴ指数,Daiwa ETF Tokyo Stock Exchange REIT Index,99,その他,9999,その他,-,109,その他
14890,2023-03-14 00:00:00+00:00,野村アセットマネジメント株式会社　ＮＥＸＴ　ＦＵＮＤＳ　日経平均高配当株５０指数連動型上場投信,NEXT FUNDS Nikkei 225 High Dividend Yield Stock 50 Index Exchange Traded Fund,99,その他,9999,その他,-,109,その他
14900,2023-03-14 00:00:00+00:00,日興アセットマネジメント株式会社　上場インデックスファンドＭＳＣＩ日本株高配当低ボラティリティ（βヘッジ）,Listed Index Fund MSCI Japan Equity High Dividend Low Volatility (Beta Hedged),99,その他,9999,その他,-,109,その他
14920,2023-03-14 00:00:00+00:00,三菱ＵＦＪ国際投信株式会社　ＭＡＸＩＳ　ＪＰＸ　日経中小型株指数上場投信,MAXIS JPX-Nikkei Mid and Small Cap Index ETF,99,その他,9999,その他,-,109,その他
14930,2023-03-14 00:00:00+00:00,アセットマネジメントＯｎｅ株式会社　Ｏｎｅ　ＥＴＦ　ＪＰＸ日経中小型,One ETF JPX-Nikkei Mid Small,99,その他,9999,その他,-,109,その他
14940,2023-03-14 00:00:00+00:00,アセットマネジメントＯｎｅ株式会社　Ｏｎｅ　ＥＴＦ　高配当日本株,One ETF High Dividend Japan Equity,99,その他,9999,その他,-,109,その他
14950,2023-03-14 00:00:00+00:00,日興アセットマネジメント株式会社　上場インデックスファンドアジアリート,Listed Index Fund Asian REIT,99,その他,9999,その他,-,109,その他
14960,2023-03-14 00:00:00+00:00,ブラックロック・ジャパン株式会社　ｉシェアーズ　米ドル建て投資適格社債　ＥＴＦ（為替ヘッジあり）,iShares USD Investment Grade Corporate Bond JPY Hedged ETF,99,その他,9999,その他,-,109,その他
14970,2023-03-14 00:00:00+00:00,ブラックロック・ジャパン株式会社　ｉシェアーズ　米ドル建てハイイールド社債　ＥＴＦ（為替ヘッジあり）,iShares USD High Yield Corporate Bond JPY Hedged ETF,99,その他,9999,その他,-,109,その他
14980,2023-03-14 00:00:00+00:00,アセットマネジメントＯｎｅ株式会社　Ｏｎｅ　ＥＴＦ　ＥＳＧ,One ETF ESG,99,その他,9999,その他,-,109,その他
14990,2023-03-14 00:00:00+00:00,三菱ＵＦＪ国際投信株式会社　ＭＡＸＩＳ日本株高配当７０マーケットニュートラル上場投信,MAXIS Japan Equity High Dividend 70 Market Neutral ETF,99,その他,9999,その他,-,109,その他
15400,2023-03-14 00:00:00+00:00,三菱ＵＦＪ信託銀行株式会社　純金上場信託（現物国内保管型）,Japan Physical Gold ETF,99,その他,9999,その他,-,109,その他
15410,2023-03-14 00:00:00+00:00,三菱ＵＦＪ信託銀行株式会社　純プラチナ上場信託（現物国内保管型）,Japan Physical Platinum ETF,99,その他,9999,その他,-,109,その他
15420,2023-03-14 00:00:00+00:00,三菱ＵＦＪ信託銀行株式会社　純銀上場信託（現物国内保管型）,Japan Physical Silver ETF,99,その他,9999,その他,-,109,その他
15430,2023-03-14 00:00:00+00:00,三菱ＵＦＪ信託銀行株式会社　純パラジウム上場信託（現物国内保管型）,Japan Physical Palladium ETF,99,その他,9999,その他,-,109,その他
15450,2023-03-14 00:00:00+00:00,野村アセットマネジメント株式会社　ＮＥＸＴ　ＦＵＮＤＳ　ＮＡＳＤＡＱ?１００（為替ヘッジなし）連動型上場投信,NEXT FUNDS NASDAQ-100(R) (Unhedged) Exchange Traded Fund,99,その他,9999,その他,-,109,その他
15460,2023-03-14 00:00:00+00:00,野村アセットマネジメント株式会社　ＮＥＸＴ　ＦＵＮＤＳ　ダウ・ジョーンズ工業株３０種平均株価（為替ヘッジなし）連動型上場投信,NEXT FUNDS DJIA (Unhedged) Exchange Traded Fund,99,その他,9999,その他,-,109,その他
15470,2023-03-14 00:00:00+00:00,日興アセットマネジメント株式会社　上場インデックスファンド米国株式（Ｓ＆Ｐ５００）,Listed Index Fund US Equity (S&P500),99,その他,9999,その他,-,109,その他
15500,2023-03-14 00:00:00+00:00,三菱ＵＦＪ国際投信株式会社　ＭＡＸＩＳ　海外株式（ＭＳＣＩコクサイ）上場投信,MAXIS Global Equity (MSCI Kokusai) ETF,99,その他,9999,その他,-,109,その他
15510,2023-03-14 00:00:00+00:00,シンプレクス・アセット・マネジメント株式会社　東証スタンダードＴＯＰ２０ＥＴＦ,TSE Standard Top 20 ETF,99,その他,9999,その他,-,109,その他
15520,2023-03-14 00:00:00+00:00,三菱ＵＦＪ国際投信株式会社　国際のＥＴＦ　ＶＩＸ短期先物指数,KOKUSAI S&P500 VIX SHORT-TERM FUTURES INDEX ETF,99,その他,9999,その他,-,109,その他
15540,2023-03-14 00:00:00+00:00,日興アセットマネジメント株式会社　上場インデックスファンド世界株式（ＭＳＣＩ　ＡＣＷＩ）除く日本,Listed Index Fund World Equity (MSCI ACWI) ex Japan,99,その他,9999,その他,-,109,その他
15550,2023-03-14 00:00:00+00:00,日興アセットマネジメント株式会社　上場インデックスファンド豪州リート（Ｓ＆Ｐ／ＡＳＸ２００　Ａ‐ＲＥＩＴ）,Listed Index Fund Australian REIT (S&P/ASX200 A-REIT),99,その他,9999,その他,-,109,その他
15570,2023-03-14 00:00:00+00:00,ステート・ストリート・グローバル・アドバイザーズ・トラスト・カンパニー　ＳＰＤＲ　Ｓ＆Ｐ５００　ＥＴＦ,SPDR S&P500 ETF Trust,99,その他,9999,その他,-,109,その他
15590,2023-03-14 00:00:00+00:00,野村アセットマネジメント株式会社　ＮＥＸＴ　ＦＵＮＤＳ　タイ株式ＳＥＴ５０指数連動型上場投信,NEXT FUNDS Thai Stock SET50 Exchange Traded Fund,99,その他,9999,その他,-,109,その他
15600,2023-03-14 00:00:00+00:00,野村アセットマネジメント株式会社　ＮＥＸＴ　ＦＵＮＤＳ　ＦＴＳＥブルサ・マレーシアＫＬＣＩ連動型上場投信,NEXT FUNDS FTSE Bursa Malaysia KLCI Exchange Traded Fund,99,その他,9999,その他,-,109,その他
15630,2023-03-14 00:00:00+00:00,シンプレクス・アセット・マネジメント株式会社　東証グロース・コアＥＴＦ,TSE Growth Core ETF,99,その他,9999,その他,-,109,その他
15660,2023-03-14 00:00:00+00:00,日興アセットマネジメント株式会社　上場インデックスファンド新興国債券,Listed Index Fund Emerging Bond,99,その他,9999,その他,-,109,その他
15680,2023-03-14 00:00:00+00:00,シンプレクス・アセット・マネジメント株式会社　ＴＯＰＩＸブル２倍上場投信,TOPIX Bull 2x ETF,99,その他,9999,その他,-,109,その他
15690,2023-03-14 00:00:00+00:00,シンプレクス・アセット・マネジメント株式会社　ＴＯＰＩＸベア上場投信,TOPIX Bear -1x ETF,99,その他,9999,その他,-,109,その他
15700,2023-03-14 00:00:00+00:00,野村アセットマネジメント株式会社　ＮＥＸＴ　ＦＵＮＤＳ日経平均レバレッジ・インデックス連動型上場投信,NEXT FUNDS Nikkei 225 Leveraged Index Exchange Traded Fund,99,その他,9999,その他,-,109,その他
15710,2023-03-14 00:00:00+00:00,野村アセットマネジメント株式会社　ＮＥＸＴ　ＦＵＮＤＳ日経平均インバース・インデックス連動型上場投信,NEXT FUNDS Nikkei 225 Inverse Index Exchange Traded Fund,99,その他,9999,その他,-,109,その他
15720,2023-03-14 00:00:00+00:00,シンプレクス・アセット・マネジメント株式会社　中国Ｈ株ブル２倍上場投信,China Bull 2x HSCEI ETF,99,その他,9999,その他,-,109,その他
15730,2023-03-14 00:00:00+00:00,シンプレクス・アセット・マネジメント株式会社　中国Ｈ株ベア上場投信,China Bear -1x HSCEI ETF,99,その他,9999,その他,-,109,その他
15770,2023-03-14 00:00:00+00:00,野村アセットマネジメント株式会社　ＮＥＸＴ　ＦＵＮＤＳ　野村日本株高配当７０連動型上場投信,NEXT FUNDS Nomura Japan Equity High Dividend 70 ETF,99,その他,9999,その他,-,109,その他
15780,2023-03-14 00:00:00+00:00,日興アセットマネジメント株式会社　上場インデックスファンド日経２２５（ミニ）,Listed Index Fund Nikkei 225 (Mini),99,その他,9999,その他,-,109,その他
15790,2023-03-14 00:00:00+00:00,シンプレクス・アセット・マネジメント株式会社　日経平均ブル２倍上場投信,Nikkei 225 Bull 2x ETF,99,その他,9999,その他,-,109,その他
15800,2023-03-14 00:00:00+00:00,シンプレクス・アセット・マネジメント株式会社　日経平均ベア上場投信,Nikkei 225 Bear -1x ETF,99,その他,9999,その他,-,109,その他
15850,2023-03-14 00:00:00+00:00,大和アセットマネジメント株式会社　ダイワ上場投信・ＴＯＰＩＸ　Ｅｘ?Ｆｉｎａｎｃｉａｌｓ,Daiwa ETF TOPIX Ex-Financials,99,その他,9999,その他,-,109,その他
15860,2023-03-14 00:00:00+00:00,日興アセットマネジメント株式会社　上場インデックスファンドＴＯＰＩＸ　Ｅｘ?Ｆｉｎａｎｃｉａｌｓ,Listed Index Fund TOPIX Ex-Financials,99,その他,9999,その他,-,109,その他
15910,2023-03-14 00:00:00+00:00,野村アセットマネジメント株式会社　ＮＥＸＴ　ＦＵＮＤＳ　ＪＰＸ日経インデックス４００連動型上場投信,NEXT FUNDS JPX-Nikkei Index 400 Exchange Traded Fund,99,その他,9999,その他,-,109,その他
15920,2023-03-14 00:00:00+00:00,日興アセットマネジメント株式会社　上場インデックスファンドＪＰＸ日経インデックス４００,Listed Index Fund JPX-Nikkei Index 400,99,その他,9999,その他,-,109,その他
15930,2023-03-14 00:00:00+00:00,三菱ＵＦＪ国際投信株式会社　ＭＡＸＩＳ　ＪＰＸ日経インデックス４００上場投信,MAXIS JPX-Nikkei Index 400 ETF,99,その他,9999,その他,-,109,その他
15950,2023-03-14 00:00:00+00:00,農林中金全共連アセットマネジメント株式会社　ＮＺＡＭ　上場投信　東証ＲＥＩＴ指数,NZAM ETF J-REIT Index,99,その他,9999,その他,-,109,その他
15960,2023-03-14 00:00:00+00:00,農林中金全共連アセットマネジメント株式会社　ＮＺＡＭ　上場投信　ＴＯＰＩＸ　Ｅｘ?Ｆｉｎａｎｃｉａｌｓ,NZAM ETF TOPIX Ex-Financials,99,その他,9999,その他,-,109,その他
15970,2023-03-14 00:00:00+00:00,三菱ＵＦＪ国際投信株式会社　ＭＡＸＩＳ　Ｊリート上場投信,MAXIS J-REIT ETF,99,その他,9999,その他,-,109,その他
15990,2023-03-14 00:00:00+00:00,大和アセットマネジメント株式会社　ダイワ上場投信?ＪＰＸ日経４００,Daiwa ETF JPX-Nikkei 400,99,その他,9999,その他,-,109,その他
16150,2023-03-14 00:00:00+00:00,野村アセットマネジメント株式会社　ＮＥＸＴ　ＦＵＮＤＳ　東証銀行業株価指数連動型上場投信,NEXT FUNDS TOPIX Banks Exchange Traded Fund,99,その他,9999,その他,-,109,その他
16170,2023-03-14 00:00:00+00:00,野村アセットマネジメント株式会社　ＮＥＸＴ　ＦＵＮＤＳ　食品（ＴＯＰＩＸ?１７）上場投信,NEXT FUNDS TOPIX-17 FOODS ETF,99,その他,9999,その他,-,109,その他
16180,2023-03-14 00:00:00+00:00,野村アセットマネジメント株式会社　ＮＥＸＴ　ＦＵＮＤＳ　エネルギー資源（ＴＯＰＩＸ?１７）上場投信,NEXT FUNDS TOPIX-17 ENERGY RESOURCES ETF,99,その他,9999,その他,-,109,その他
16190,2023-03-14 00:00:00+00:00,野村アセットマネジメント株式会社　ＮＥＸＴ　ＦＵＮＤＳ　建設・資材（ＴＯＰＩＸ?１７）上場投信,NEXT FUNDS TOPIX-17 CONSTRUCTION & MATERIALS ETF,99,その他,9999,その他,-,109,その他
16200,2023-03-14 00:00:00+00:00,野村アセットマネジメント株式会社　ＮＥＸＴ　ＦＵＮＤＳ　素材・化学（ＴＯＰＩＸ?１７）上場投信,NEXT FUNDS TOPIX-17 RAW MATERIALS & CHEMICALS ETF,99,その他,9999,その他,-,109,その他
16210,2023-03-14 00:00:00+00:00,野村アセットマネジメント株式会社　ＮＥＸＴ　ＦＵＮＤＳ　医薬品（ＴＯＰＩＸ?１７）上場投信,NEXT FUNDS TOPIX-17 PHARMACEUTICAL ETF,99,その他,9999,その他,-,109,その他
16220,2023-03-14 00:00:00+00:00,野村アセットマネジメント株式会社　ＮＥＸＴ　ＦＵＮＤＳ　自動車・輸送機（ＴＯＰＩＸ?１７）上場投信,NEXT FUNDS TOPIX-17 AUTOMOBILES TRANSPORTATION EQUIPMENT ETF,99,その他,9999,その他,-,109,その他
16230,2023-03-14 00:00:00+00:00,野村アセットマネジメント株式会社　ＮＥＸＴ　ＦＵＮＤＳ　鉄鋼・非鉄（ＴＯＰＩＸ?１７）上場投信,NEXT FUNDS TOPIX-17 STEEL & NONFERROUS ETF,99,その他,9999,その他,-,109,その他
16240,2023-03-14 00:00:00+00:00,野村アセットマネジメント株式会社　ＮＥＸＴ　ＦＵＮＤＳ　機械（ＴＯＰＩＸ?１７）上場投信,NEXT FUNDS TOPIX-17 MACHINERY ETF,99,その他,9999,その他,-,109,その他
16250,2023-03-14 00:00:00+00:00,野村アセットマネジメント株式会社　ＮＥＸＴ　ＦＵＮＤＳ　電機・精密（ＴＯＰＩＸ?１７）上場投信,NEXT FUNDS TOPIX-17 ELECTRIC & PRECISION INSTRUMENTS ETF,99,その他,9999,その他,-,109,その他
16260,2023-03-14 00:00:00+00:00,野村アセットマネジメント株式会社　ＮＥＸＴ　ＦＵＮＤＳ　情報通信・サービスその他（ＴＯＰＩＸ?１７）上場投信,"NEXT FUNDS TOPIX-17 IT & SERVICES,OTHERS ETF",99,その他,9999,その他,-,109,その他
16270,2023-03-14 00:00:00+00:00,野村アセットマネジメント株式会社　ＮＥＸＴ　ＦＵＮＤＳ　電力・ガス（ＴＯＰＩＸ?１７）上場投信,NEXT FUNDS TOPIX-17 ELECTRIC POWER & GAS ETF,99,その他,9999,その他,-,109,その他
16280,2023-03-14 00:00:00+00:00,野村アセットマネジメント株式会社　ＮＥＸＴ　ＦＵＮＤＳ　運輸・物流（ＴＯＰＩＸ?１７）上場投信,NEXT FUNDS TOPIX-17 TRANSPORTATION & LOGISTICS ETF,99,その他,9999,その他,-,109,その他
16290,2023-03-14 00:00:00+00:00,野村アセットマネジメント株式会社　ＮＥＸＴ　ＦＵＮＤＳ　商社・卸売（ＴＯＰＩＸ?１７）上場投信,NEXT FUNDS TOPIX-17 COMMERCIAL & WHOLESALE TRADE ETF,99,その他,9999,その他,-,109,その他
16300,2023-03-14 00:00:00+00:00,野村アセットマネジメント株式会社　ＮＥＸＴ　ＦＵＮＤＳ　小売（ＴＯＰＩＸ?１７）上場投信,NEXT FUNDS TOPIX-17 RETAIL TRADE ETF,99,その他,9999,その他,-,109,その他
16310,2023-03-14 00:00:00+00:00,野村アセットマネジメント株式会社　ＮＥＸＴ　ＦＵＮＤＳ　銀行（ＴＯＰＩＸ?１７）上場投信,NEXT FUNDS TOPIX-17 BANKS ETF,99,その他,9999,その他,-,109,その他
16320,2023-03-14 00:00:00+00:00,野村アセットマネジメント株式会社　ＮＥＸＴ　ＦＵＮＤＳ　金融（除く銀行）（ＴＯＰＩＸ?１７）上場投信,NEXT FUNDS TOPIX-17 FINANCIALS (EX BANKS) ETF,99,その他,9999,その他,-,109,その他
16330,2023-03-14 00:00:00+00:00,野村アセットマネジメント株式会社　ＮＥＸＴ　ＦＵＮＤＳ　不動産（ＴＯＰＩＸ?１７）上場投信,NEXT FUNDS TOPIX-17 REAL ESTATE ETF,99,その他,9999,その他,-,109,その他
16510,2023-03-14 00:00:00+00:00,大和アセットマネジメント株式会社　ダイワ上場投信?ＴＯＰＩＸ高配当４０指数,Daiwa ETF TOPIX High Dividend Yield 40 Index,99,その他,9999,その他,-,109,その他
16520,2023-03-14 00:00:00+00:00,大和アセットマネジメント株式会社　ダイワ上場投信?ＭＳＣＩ日本株女性活躍指数（ＷＩＮ）,Daiwa ETF MSCI Japan Empowering Women Index (WIN),99,その他,9999,その他,-,109,その他
16530,2023-03-14 00:00:00+00:00,大和アセットマネジメント株式会社　ダイワ上場投信?ＭＳＣＩジャパンＥＳＧセレクト・リーダーズ指数,Daiwa ETF MSCI Japan ESG Select Leaders Index,99,その他,9999,その他,-,109,その他
16540,2023-03-14 00:00:00+00:00,大和アセットマネジメント株式会社　ダイワ上場投信?ＦＴＳＥ　Ｂｌｏｓｓｏｍ　Ｊａｐａｎ　Ｉｎｄｅｘ,Daiwa ETF FTSE Blossom Japan Index,99,その他,9999,その他,-,109,その他
16550,2023-03-14 00:00:00+00:00,ブラックロック・ジャパン株式会社　ｉシェアーズ　Ｓ＆Ｐ　５００　米国株　ＥＴＦ,iShares S&P 500 ETF,99,その他,9999,その他,-,109,その他
16560,2023-03-14 00:00:00+00:00,ブラックロック・ジャパン株式会社　ｉシェアーズ・コア　米国債７?１０年　ＥＴＦ,iShares Core 7-10 Year US Treasury Bond ETF,99,その他,9999,その他,-,109,その他
16570,2023-03-14 00:00:00+00:00,ブラックロック・ジャパン株式会社　ｉシェアーズ・コア　ＭＳＣＩ　先進国株（除く日本）ＥＴＦ,iShares Core MSCI Kokusai ETF,99,その他,9999,その他,-,109,その他
16580,2023-03-14 00:00:00+00:00,ブラックロック・ジャパン株式会社　ｉシェアーズ・コア　ＭＳＣＩ　新興国株　ＥＴＦ,iShares Core MSCI Emerging Markets IMI ETF,99,その他,9999,その他,-,109,その他
16590,2023-03-14 00:00:00+00:00,ブラックロック・ジャパン株式会社　ｉシェアーズ　米国リート　ＥＴＦ,iShares US REIT ETF,99,その他,9999,その他,-,109,その他
16600,2023-03-14 00:00:00+00:00,三菱ＵＦＪ国際投信株式会社　ＭＡＸＩＳ高利回りＪリート上場投信,MAXIS High Yield J-REIT ETF,99,その他,9999,その他,-,109,その他
16710,2023-03-14 00:00:00+00:00,シンプレクス・アセット・マネジメント株式会社　ＷＴＩ原油価格連動型上場投信,Simplex WTI ETF,99,その他,9999,その他,-,109,その他
16720,2023-03-14 00:00:00+00:00,ウィズダムツリー・メタル・セキュリティーズ・リミテッド　ＷｉｓｄｏｍＴｒｅｅ　金上場投資信託,WisdomTree Physical Gold Individual Securities,99,その他,9999,その他,-,109,その他
16730,2023-03-14 00:00:00+00:00,ウィズダムツリー・メタル・セキュリティーズ・リミテッド　ＷｉｓｄｏｍＴｒｅｅ　銀上場投資信託,WisdomTree Physical Silver Individual Securities,99,その他,9999,その他,-,109,その他
16740,2023-03-14 00:00:00+00:00,ウィズダムツリー・メタル・セキュリティーズ・リミテッド　ＷｉｓｄｏｍＴｒｅｅ　白金上場投資信託,WisdomTree Physical Platinum Individual Securities,99,その他,9999,その他,-,109,その他
16750,2023-03-14 00:00:00+00:00,ウィズダムツリー・メタル・セキュリティーズ・リミテッド　ＷｉｓｄｏｍＴｒｅｅ　パラジウム上場投資信託,WisdomTree Physical Palladium Individual Securities,99,その他,9999,その他,-,109,その他
16760,2023-03-14 00:00:00+00:00,ウィズダムツリー・メタル・セキュリティーズ・リミテッド　ＷｉｓｄｏｍＴｒｅｅ　貴金属バスケット上場投資信託,WisdomTree Physical Precious Metals Basket Securities,99,その他,9999,その他,-,109,その他
16770,2023-03-14 00:00:00+00:00,日興アセットマネジメント株式会社　上場インデックスファンド海外債券（ＦＴＳＥ　ＷＧＢＩ）毎月分配型,Listed Index Fund International Bond (FTSE WGBI) Monthly Dividend Payment Type,99,その他,9999,その他,-,109,その他
16780,2023-03-14 00:00:00+00:00,野村アセットマネジメント株式会社　ＮＥＸＴ　ＦＵＮＤＳ　インド株式指数・Ｎｉｆｔｙ　５０連動型上場投信,NEXT FUNDS Nifty 50 Linked Exchange Traded Fund,99,その他,9999,その他,-,109,その他
16790,2023-03-14 00:00:00+00:00,シンプレクス・アセット・マネジメント株式会社　Ｓｉｍｐｌｅ?Ｘ　ＮＹダウ・ジョーンズ・インデックス上場投信,Simple-X NY Dow Jones Index ETF,99,その他,9999,その他,-,109,その他
16800,2023-03-14 00:00:00+00:00,日興アセットマネジメント株式会社　上場インデックスファンド海外先進国株式（ＭＳＣＩ?ＫＯＫＵＳＡＩ）,Listed Index Fund International Developed Countries Equity,99,その他,9999,その他,-,109,その他
16810,2023-03-14 00:00:00+00:00,日興アセットマネジメント株式会社　上場インデックスファンド海外新興国株式（ＭＳＣＩエマージング）,Listed Index Fund International Emerging Countries Equity,99,その他,9999,その他,-,109,その他
16820,2023-03-14 00:00:00+00:00,野村アセットマネジメント株式会社　ＮＥＸＴ　ＦＵＮＤＳ　日経・ＪＰＸ白金指数連動型上場投信,NEXT FUNDS Nikkei-JPX Platinum Index Linked Exchange Traded Fund,99,その他,9999,その他,-,109,その他
16840,2023-03-14 00:00:00+00:00,ウィズダムツリー・コモディティ・セキュリティーズ・リミテッド　ＷｉｓｄｏｍＴｒｅｅ　ブロード上場投資信託,WisdomTree Broad Commodities,99,その他,9999,その他,-,109,その他
16850,2023-03-14 00:00:00+00:00,ウィズダムツリー・コモディティ・セキュリティーズ・リミテッド　ＷｉｓｄｏｍＴｒｅｅ　エネルギー上場投資信託,WisdomTree Energy,99,その他,9999,その他,-,109,その他
16860,2023-03-14 00:00:00+00:00,ウィズダムツリー・コモディティ・セキュリティーズ・リミテッド　ＷｉｓｄｏｍＴｒｅｅ　産業用金属上場投資信託,WisdomTree Industrial Metals,99,その他,9999,その他,-,109,その他
16870,2023-03-14 00:00:00+00:00,ウィズダムツリー・コモディティ・セキュリティーズ・リミテッド　ＷｉｓｄｏｍＴｒｅｅ　農産物上場投資信託,WisdomTree Agriculture,99,その他,9999,その他,-,109,その他
16880,2023-03-14 00:00:00+00:00,ウィズダムツリー・コモディティ・セキュリティーズ・リミテッド　ＷｉｓｄｏｍＴｒｅｅ　穀物上場投資信託,WisdomTree Grains,99,その他,9999,その他,-,109,その他
16890,2023-03-14 00:00:00+00:00,ウィズダムツリー・コモディティ・セキュリティーズ・リミテッド　ＷｉｓｄｏｍＴｒｅｅ　天然ガス上場投資信託,WisdomTree Natural Gas,99,その他,9999,その他,-,109,その他
16900,2023-03-14 00:00:00+00:00,ウィズダムツリー・コモディティ・セキュリティーズ・リミテッド　ＷｉｓｄｏｍＴｒｅｅ　ＷＴＩ　原油上場投資信託,WisdomTree WTI Crude Oil,99,その他,9999,その他,-,109,その他
16910,2023-03-14 00:00:00+00:00,ウィズダムツリー・コモディティ・セキュリティーズ・リミテッド　ＷｉｓｄｏｍＴｒｅｅ　ガソリン上場投資信託,WisdomTree Gasoline,99,その他,9999,その他,-,109,その他
16920,2023-03-14 00:00:00+00:00,ウィズダムツリー・コモディティ・セキュリティーズ・リミテッド　ＷｉｓｄｏｍＴｒｅｅ　アルミニウム上場投資信託,WisdomTree Aluminium,99,その他,9999,その他,-,109,その他
16930,2023-03-14 00:00:00+00:00,ウィズダムツリー・コモディティ・セキュリティーズ・リミテッド　ＷｉｓｄｏｍＴｒｅｅ　銅上場投資信託,WisdomTree Copper,99,その他,9999,その他,-,109,その他
16940,2023-03-14 00:00:00+00:00,ウィズダムツリー・コモディティ・セキュリティーズ・リミテッド　ＷｉｓｄｏｍＴｒｅｅ　ニッケル上場投資信託,WisdomTree Nickel,99,その他,9999,その他,-,109,その他
16950,2023-03-14 00:00:00+00:00,ウィズダムツリー・コモディティ・セキュリティーズ・リミテッド　ＷｉｓｄｏｍＴｒｅｅ　小麦上場投資信託,WisdomTree Wheat,99,その他,9999,その他,-,109,その他
16960,2023-03-14 00:00:00+00:00,ウィズダムツリー・コモディティ・セキュリティーズ・リミテッド　ＷｉｓｄｏｍＴｒｅｅ　とうもろこし上場投資信託,WisdomTree Corn,99,その他,9999,その他,-,109,その他
16970,2023-03-14 00:00:00+00:00,ウィズダムツリー・コモディティ・セキュリティーズ・リミテッド　ＷｉｓｄｏｍＴｒｅｅ　大豆上場投資信託,WisdomTree Soybeans,99,その他,9999,その他,-,109,その他
16980,2023-03-14 00:00:00+00:00,日興アセットマネジメント株式会社　上場インデックスファンド日本高配当（東証配当フォーカス１００）,Listed Index Fund Japan High Dividend,99,その他,9999,その他,-,109,その他
16990,2023-03-14 00:00:00+00:00,野村アセットマネジメント株式会社　ＮＥＸＴ　ＦＵＮＤＳ　ＮＯＭＵＲＡ原油インデックス連動型上場投信,NEXT FUNDS NOMURA Crude Oil Long Index Linked Exchange,99,その他,9999,その他,-,109,その他
20310,2023-03-14 00:00:00+00:00,ノムラ・ヨーロッパ・ファイナンス・エヌ・ブイ　ＮＥＸＴ　ＮＯＴＥＳ　香港ハンセン・ダブル・ブル　ＥＴＮ,NEXT NOTES HSI Leveraged ETN,99,その他,9999,その他,-,109,その他
20320,2023-03-14 00:00:00+00:00,ノムラ・ヨーロッパ・ファイナンス・エヌ・ブイ　ＮＥＸＴ　ＮＯＴＥＳ　香港ハンセン・ベア　ＥＴＮ,NEXT NOTES HSI Short ETN,99,その他,9999,その他,-,109,その他
20330,2023-03-14 00:00:00+00:00,ノムラ・ヨーロッパ・ファイナンス・エヌ・ブイ　ＮＥＸＴ　ＮＯＴＥＳ　韓国ＫＯＳＰＩ・ダブル・ブル　ＥＴＮ,NEXT NOTES KOSPI200 Leverage ETN,99,その他,9999,その他,-,109,その他
20340,2023-03-14 00:00:00+00:00,ノムラ・ヨーロッパ・ファイナンス・エヌ・ブイ　ＮＥＸＴ　ＮＯＴＥＳ　韓国ＫＯＳＰＩ・ベア　ＥＴＮ,NEXT NOTES F-KOSPI200 Inverse ETN,99,その他,9999,その他,-,109,その他
20360,2023-03-14 00:00:00+00:00,ノムラ・ヨーロッパ・ファイナンス・エヌ・ブイ　ＮＥＸＴ　ＮＯＴＥＳ　金先物　ダブル・ブル　ＥＴＮ,NEXT NOTES Gold Futures Double Bull ETN,99,その他,9999,その他,-,109,その他
20370,2023-03-14 00:00:00+00:00,ノムラ・ヨーロッパ・ファイナンス・エヌ・ブイ　ＮＥＸＴ　ＮＯＴＥＳ　金先物　ベア　ＥＴＮ,NEXT NOTES Gold Futures Bear ETN,99,その他,9999,その他,-,109,その他
20380,2023-03-14 00:00:00+00:00,ノムラ・ヨーロッパ・ファイナンス・エヌ・ブイ　ＮＥＸＴ　ＮＯＴＥＳ　ドバイ原油先物　ダブル・ブル　ＥＴＮ,NEXT NOTES Dubai Crude Oil Futures Double Bull ETN,99,その他,9999,その他,-,109,その他
20390,2023-03-14 00:00:00+00:00,ノムラ・ヨーロッパ・ファイナンス・エヌ・ブイ　ＮＥＸＴ　ＮＯＴＥＳ　ドバイ原油先物　ベア　ＥＴＮ,NEXT NOTES Dubai Crude Oil Futures Bear ETN,99,その他,9999,その他,-,109,その他
20400,2023-03-14 00:00:00+00:00,ノムラ・ヨーロッパ・ファイナンス・エヌ・ブイ　ＮＥＸＴ　ＮＯＴＥＳ　ＮＹダウ・ダブル・ブル・ドルヘッジ　ＥＴＮ,NEXT NOTES DJIA PR JPY-Monthly Hedged Leveraged (x2) ETN,99,その他,9999,その他,-,109,その他
20410,2023-03-14 00:00:00+00:00,ノムラ・ヨーロッパ・ファイナンス・エヌ・ブイ　ＮＥＸＴ　ＮＯＴＥＳ　ＮＹダウ・ベア・ドルヘッジ　ＥＴＮ,NEXT NOTES DJIA TR JPY-Monthly Hedged Inverse (x1) ETN,99,その他,9999,その他,-,109,その他
20420,2023-03-14 00:00:00+00:00,ノムラ・ヨーロッパ・ファイナンス・エヌ・ブイ　ＮＥＸＴ　ＮＯＴＥＳ　東証マザーズ　ＥＴＮ,NEXT NOTES Tokyo Stock Exchange Mothers Index ETN,99,その他,9999,その他,-,109,その他
20430,2023-03-14 00:00:00+00:00,ノムラ・ヨーロッパ　ＮＥＸＴ　ＮＯＴＥＳ　ＳＴＯＸＸ　アセアン好配当５０（円、ネットリターン）ＥＴＮ,NEXT NOTES STOXX ASEAN-Five Select Dividend 50(NR-JPY) ETN,99,その他,9999,その他,-,109,その他
20440,2023-03-14 00:00:00+00:00,ノムラ・ヨーロッパ・ファイナンス・エヌ・ブイ　ＮＥＸＴ　ＮＯＴＥＳ　Ｓ＆Ｐ５００　配当貴族（ネットリターン）　ＥＴＮ,NEXT NOTES S&P 500 Dividend Aristocrats Net Total Return Index ETN,99,その他,9999,その他,-,109,その他
20450,2023-03-14 00:00:00+00:00,ノムラ・ヨーロッパ・ファイナンス・エヌ・ブイ　ＮＥＸＴ　ＮＯＴＥＳ　Ｓ＆Ｐ　シンガポール　リート（ネットリターン）　ＥＴＮ,NEXT NOTES S&P Singapore REIT Net Total Return Index ETN,99,その他,9999,その他,-,109,その他
20460,2023-03-14 00:00:00+00:00,ノムラ・ヨーロッパ・ファイナンス・エヌ・ブイ　ＮＥＸＴ　ＮＯＴＥＳ　インドＮｉｆｔｙ・ダブル・ブル　ＥＴＮ,NEXT NOTES Nifty PR 2x Leverage Index ETN,99,その他,9999,その他,-,109,その他
20470,2023-03-14 00:00:00+00:00,ノムラ・ヨーロッパ・ファイナンス・エヌ・ブイ　ＮＥＸＴ　ＮＯＴＥＳ　インドＮｉｆｔｙ・ベア　ＥＴＮ,NEXT NOTES Nifty Total Returns(TR) Daily Inverse Index ETN,99,その他,9999,その他,-,109,その他
20480,2023-03-14 00:00:00+00:00,ノムラ・ヨーロッパ・ファイナンス・エヌ・ブイ　ＮＥＸＴ　ＮＯＴＥＳ　野村日本株高配当７０（ドルヘッジ、ネットリターン）ＥＴＮ,"NEXT NOTES Nomura Japan Equity High Dividend 70,Net Total Return US Dollar Hedged Index ETN",99,その他,9999,その他,-,109,その他
20500,2023-03-14 00:00:00+00:00,ノムラ・ヨーロッパ・ファイナンス・エヌ・ブイ　ＮＥＸＴ　ＮＯＴＥＳ　ニッチトップ　中小型日本株（ネットリターン）ＥＴＮ,"NEXT NOTES Niche Top Mid Small Cap Japan Equity, Net Total Return ETN",99,その他,9999,その他,-,109,その他
20650,2023-03-14 00:00:00+00:00,ノムラ・ヨーロッパ・ファイナンス・エヌ・ブイ　ＮＥＸＴ　ＮＯＴＥＳ　日本株配当貴族（ドルヘッジ、ネットリターン）ＥＴＮ,NEXT NOTES S&P/JPX Dividend Aristocrats Index USD Hedged NTR ETN,99,その他,9999,その他,-,109,その他
20660,2023-03-14 00:00:00+00:00,ノムラ・ヨーロッパ・ファイナンス・エヌ・ブイ　ＮＥＸＴ　ＮＯＴＥＳ　東証ＲＥＩＴ（ドルヘッジ、ネットリターン）ＥＴＮ,NEXT NOTES Tokyo Stock Exchange REIT Net Total Return US Dollar Hedged Index ETN,99,その他,9999,その他,-,109,その他
20670,2023-03-14 00:00:00+00:00,ノムラ・ヨーロッパ・ファイナンス・エヌ・ブイ　ＮＥＸＴ　ＮＯＴＥＳ　野村ＡＩビジネス７０（ネットリターン）ＥＴＮ,"NEXT NOTES AI Companies 70,Net Total Return ETN",99,その他,9999,その他,-,109,その他
20680,2023-03-14 00:00:00+00:00,ノムラ・ヨーロッパ・ファイナンス・エヌ・ブイ　ＮＥＸＴ　ＮＯＴＥＳ　高ベータ３０（ネットリターン）ＥＴＮ,"NEXT NOTES Japan Equity High Beta Select 30,Net Total Return ETN",99,その他,9999,その他,-,109,その他
20690,2023-03-14 00:00:00+00:00,ノムラ・ヨーロッパ・ファイナンス・エヌ・ブイ　ＮＥＸＴ　ＮＯＴＥＳ　低ベータ５０（ネットリターン）ＥＴＮ,"NEXT NOTES Japan Equity Low Beta Select 50,Net Total Return ETN",99,その他,9999,その他,-,109,その他
20700,2023-03-14 00:00:00+00:00,三菱ＵＦＪ証券ホールディングス株式会社　スマートＥＳＧ３０女性活躍（ネットリターン）ＥＴＮ,Smart ESG 30 Empowering Women Net Return ETN,99,その他,9999,その他,-,109,その他
20710,2023-03-14 00:00:00+00:00,三菱ＵＦＪ証券ホールディングス株式会社　スマートＥＳＧ３０総合（ネットリターン）ＥＴＮ,Smart ESG 30 Net Return ETN,99,その他,9999,その他,-,109,その他
20720,2023-03-14 00:00:00+00:00,三菱ＵＦＪ証券ホールディングス株式会社　トップシェアインデックス（ネットリターン）ＥＴＮ,Market Share Leaders Net Return ETN,99,その他,9999,その他,-,109,その他
20730,2023-03-14 00:00:00+00:00,三菱ＵＦＪ証券ホールディングス株式会社　スマートＥＳＧ３０低カーボンリスク（ネットリターン）ＥＴＮ,Smart ESG 30 Low Carbon Risk Net Return ETN,99,その他,9999,その他,-,109,その他
22350,2023-03-14 00:00:00+00:00,日興アセットマネジメント株式会社　上場インデックスファンド米国株式（ダウ平均）為替ヘッジなし,Listed Index Fund US Equity (Dow Average) No Currency Hedge,99,その他,9999,その他,-,109,その他
22360,2023-03-14 00:00:00+00:00,Ｇｌｏｂａｌ　Ｘ　Ｊａｐａｎ株式会社　グローバルＸ　Ｓ＆Ｐ５００配当貴族ＥＴＦ,Global X S&P 500 Dividend Aristocrats ETF,99,その他,9999,その他,-,109,その他
22370,2023-03-14 00:00:00+00:00,大和アセットマネジメント株式会社　ｉＦｒｅｅＥＴＦ　Ｓ＆Ｐ５００レバレッジ,iFreeETF S&P500 Leveraged (2x),99,その他,9999,その他,-,109,その他
22380,2023-03-14 00:00:00+00:00,大和アセットマネジメント株式会社　ｉＦｒｅｅＥＴＦ　Ｓ＆Ｐ５００インバース,iFreeETF S&P500 Inverse,99,その他,9999,その他,-,109,その他
22410,2023-03-14 00:00:00+00:00,三菱ＵＦＪ国際投信株式会社　ＭＡＸＩＳ　ＮＹダウ上場投信,MAXIS NY Dow Industrial Average ETF,99,その他,9999,その他,-,109,その他
22420,2023-03-14 00:00:00+00:00,三菱ＵＦＪ国際投信株式会社　ＭＡＸＩＳ　ＮＹダウ上場投信（為替ヘッジあり）,MAXIS NY Dow Industrial Average ETF (JPY Hedged),99,その他,9999,その他,-,109,その他
25100,2023-03-14 00:00:00+00:00,野村アセットマネジメント株式会社　ＮＥＸＴ　ＦＵＮＤＳ　国内債券・ＮＯＭＵＲＡ?ＢＰＩ総合連動型上場投信,NEXT FUNDS Japan Bond NOMURA-BPI Exchange Traded Fund,99,その他,9999,その他,-,109,その他
25110,2023-03-14 00:00:00+00:00,野村アセットマネジメント株式会社　ＮＥＸＴ　ＦＵＮＤＳ　外国債券・ＦＴＳＥ世界国債インデックス（除く日本・為替ヘッジなし）連動型上場投信,NEXT FUNDS International Bond FTSE World Government Bond Index (ex Japan Unhedged) Exchange Traded Fund,99,その他,9999,その他,-,109,その他
25120,2023-03-14 00:00:00+00:00,野村アセットマネジメント株式会社　ＮＥＸＴ　ＦＵＮＤＳ　外国債券・ＦＴＳＥ世界国債インデックス（除く日本・為替ヘッジあり）連動型上場投信,NEXT FUNDS International Bond FTSE World Government Bond Index (ex Japan Yen-Hedged) Exchange Traded Fund,99,その他,9999,その他,-,109,その他
25130,2023-03-14 00:00:00+00:00,野村アセットマネジメント株式会社　ＮＥＸＴ　ＦＵＮＤＳ　外国株式・ＭＳＣＩ?ＫＯＫＵＳＡＩ指数（為替ヘッジなし）連動型上場投信,NEXT FUNDS International Equity MSCI-KOKUSAI (Unhedged) Exchange Traded Fund,99,その他,9999,その他,-,109,その他
25140,2023-03-14 00:00:00+00:00,野村アセットマネジメント株式会社　ＮＥＸＴ　ＦＵＮＤＳ　外国株式・ＭＳＣＩ?ＫＯＫＵＳＡＩ指数（為替ヘッジあり）連動型上場投信,NEXT FUNDS International Equity MSCI-KOKUSAI (Yen-Hedged) Exchange Traded Fund,99,その他,9999,その他,-,109,その他
25150,2023-03-14 00:00:00+00:00,野村アセットマネジメント株式会社　ＮＥＸＴ　ＦＵＮＤＳ　外国ＲＥＩＴ・Ｓ＆Ｐ先進国ＲＥＩＴ指数（除く日本・為替ヘッジなし）連動型上場投信,NEXT FUNDS International REIT S&P Developed REIT Index (ex Japan Unhedged) Exchange Traded Fund,99,その他,9999,その他,-,109,その他
25160,2023-03-14 00:00:00+00:00,シンプレクス・アセット・マネジメント株式会社　東証マザーズＥＴＦ,TSE Mothers ETF,99,その他,9999,その他,-,109,その他
25170,2023-03-14 00:00:00+00:00,三菱ＵＦＪ国際投信株式会社　ＭＡＸＩＳ　Ｊリート・コア上場投信,MAXIS J-REIT Core ETF,99,その他,9999,その他,-,109,その他
25180,2023-03-14 00:00:00+00:00,野村アセットマネジメント株式会社　ＮＥＸＴ　ＦＵＮＤＳ　ＭＳＣＩ日本株女性活躍指数（セレクト）連動型上場投信,NEXT FUNDS MSCI Japan Empowering Women Select Index Exchange Traded Fund,99,その他,9999,その他,-,109,その他
25190,2023-03-14 00:00:00+00:00,野村アセットマネジメント株式会社　ＮＥＸＴ　ＦＵＮＤＳ　新興国債券・Ｊ．Ｐ．モルガン・エマージング・マーケット・ボンド・インデックス・プラス（為替ヘッジなし）連動型上場投信,NEXT FUNDS Emerging Market Bond J.P. Morgan EMBI Plus (Unhedged) Exchange Traded Fund,99,その他,9999,その他,-,109,その他
25200,2023-03-14 00:00:00+00:00,野村アセットマネジメント株式会社　ＮＥＸＴ　ＦＵＮＤＳ　新興国株式・ＭＳＣＩエマージング・マーケット・インデックス（為替ヘッジなし）連動型上場投信,NEXT FUNDS Emerging Market Equity MSCI-EM (Unhedged) Exchange Traded Fund,99,その他,9999,その他,-,109,その他
25210,2023-03-14 00:00:00+00:00,日興アセットマネジメント株式会社　上場インデックスファンド米国株式（Ｓ＆Ｐ５００）為替ヘッジあり,Listed Index Fund US Equity (S&P500) Currency Hedge,99,その他,9999,その他,-,109,その他
25220,2023-03-14 00:00:00+00:00,ブラックロック・ジャパン株式会社　ｉシェアーズ　オートメーション　＆　ロボット　ＥＴＦ,iShares Automation & Robot ETF,99,その他,9999,その他,-,109,その他
25230,2023-03-14 00:00:00+00:00,三菱ＵＦＪ国際投信株式会社　ＭＡＸＩＳトピックス（除く金融）上場投信,MAXIS TOPIX Ex-Financials ETF,99,その他,9999,その他,-,109,その他
25240,2023-03-14 00:00:00+00:00,農林中金全共連アセットマネジメント株式会社　ＮＺＡＭ　上場投信　ＴＯＰＩＸ,NZAM ETF TOPIX,99,その他,9999,その他,-,109,その他
25250,2023-03-14 00:00:00+00:00,農林中金全共連アセットマネジメント株式会社　ＮＺＡＭ　上場投信　日経２２５,NZAM ETF Nikkei 225,99,その他,9999,その他,-,109,その他
25260,2023-03-14 00:00:00+00:00,農林中金全共連アセットマネジメント株式会社　ＮＺＡＭ　上場投信　ＪＰＸ日経４００,NZAM ETF JPX-Nikkei400,99,その他,9999,その他,-,109,その他
25270,2023-03-14 00:00:00+00:00,農林中金全共連アセットマネジメント株式会社　ＮＺＡＭ　上場投信　東証ＲＥＩＴ　Ｃｏｒｅ指数,NZAM ETF J-REIT Core Index,99,その他,9999,その他,-,109,その他
25280,2023-03-14 00:00:00+00:00,大和アセットマネジメント株式会社　ダイワ上場投信?東証ＲＥＩＴ　Ｃｏｒｅ指数,Daiwa ETF Tokyo Stock Exchange REIT Core Index,99,その他,9999,その他,-,109,その他
25290,2023-03-14 00:00:00+00:00,野村アセットマネジメント株式会社　ＮＥＸＴ　ＦＵＮＤＳ　野村株主還元７０連動型上場投信,NEXT FUNDS Nomura Shareholder Yield 70 Exchange Traded Fund,99,その他,9999,その他,-,109,その他
25300,2023-03-14 00:00:00+00:00,三菱ＵＦＪ国際投信株式会社　ＭＡＸＩＳ　ＨｕａＡｎ中国株式（上海１８０Ａ株）上場投信,MAXIS HuaAn China Equity (SSE 180 index) ETF,99,その他,9999,その他,-,109,その他
25520,2023-03-14 00:00:00+00:00,日興アセットマネジメント株式会社　上場インデックスファンドＪリート（東証ＲＥＩＴ指数）隔月分配型（ミニ）,Listed Index Fund J-REIT (Tokyo Stock Exchange REIT Index) Bi-Monthly Dividend Payment Type (Mini),99,その他,9999,その他,-,109,その他
25530,2023-03-14 00:00:00+00:00,アセットマネジメントＯｎｅ株式会社　Ｏｎｅ　ＥＴＦ　南方　中国Ａ株　ＣＳＩ５００,One ETF Southern China A-Share CSI 500,99,その他,9999,その他,-,109,その他
25540,2023-03-14 00:00:00+00:00,野村アセットマネジメント株式会社　ＮＥＸＴ　ＦＵＮＤＳ　ブルームバーグ米国投資適格社債（１?１０年）インデックス（為替ヘッジあり）連動型上場投信,NEXT FUNDS Bloomberg US Intermediate Corporate Index (JPY Hedged) Exchange Traded Fund,99,その他,9999,その他,-,109,その他
25550,2023-03-14 00:00:00+00:00,シンプレクス・アセット・マネジメント株式会社　東証ＲＥＩＴ　ＥＴＦ,TSE REIT ETF,99,その他,9999,その他,-,109,その他
25560,2023-03-14 00:00:00+00:00,アセットマネジメントＯｎｅ株式会社　Ｏｎｅ　ＥＴＦ　東証ＲＥＩＴ指数,One ETF Tokyo Stock Exchange REIT Index,99,その他,9999,その他,-,109,その他
25570,2023-03-14 00:00:00+00:00,三井住友ＤＳアセットマネジメント株式会社　ＳＭＤＡＭ　トピックス上場投信,SMDAM TOPIX ETF,99,その他,9999,その他,-,109,その他
25580,2023-03-14 00:00:00+00:00,三菱ＵＦＪ国際投信株式会社　ＭＡＸＩＳ米国株式（Ｓ＆Ｐ５００）上場投信,MAXIS S&P500 US Equity ETF,99,その他,9999,その他,-,109,その他
25590,2023-03-14 00:00:00+00:00,三菱ＵＦＪ国際投信株式会社　ＭＡＸＩＳ全世界株式（オール・カントリー）上場投信,MAXIS World Equity (MSCI ACWI) ETF,99,その他,9999,その他,-,109,その他
25600,2023-03-14 00:00:00+00:00,三菱ＵＦＪ国際投信株式会社　ＭＡＸＩＳカーボン・エフィシェント日本株上場投信,MAXIS Carbon Efficient Japan Equity ETF,99,その他,9999,その他,-,109,その他
25610,2023-03-14 00:00:00+00:00,ブラックロック・ジャパン株式会社　ｉシェアーズ・コア　日本国債　ＥＴＦ,iShares Core Japan Government Bond ETF,99,その他,9999,その他,-,109,その他
25620,2023-03-14 00:00:00+00:00,日興アセットマネジメント株式会社　上場インデックスファンド米国株式（ダウ平均）為替ヘッジあり,Listed Index Fund US Equity (Dow Average) Currency Hedge,99,その他,9999,その他,-,109,その他
25630,2023-03-14 00:00:00+00:00,ブラックロック・ジャパン株式会社　ｉシェアーズ　Ｓ＆Ｐ　５００　米国株　ＥＴＦ（為替ヘッジあり）,iShares S&P 500 JPY Hedged ETF,99,その他,9999,その他,-,109,その他
25640,2023-03-14 00:00:00+00:00,Ｇｌｏｂａｌ　Ｘ　Ｊａｐａｎ株式会社　グローバルＸ　ＭＳＣＩスーパーディビィデンド?日本株式　ＥＴＦ,Global X MSCI SuperDividend Japan ETF,99,その他,9999,その他,-,109,その他
25650,2023-03-14 00:00:00+00:00,Ｇｌｏｂａｌ　Ｘ　Ｊａｐａｎ株式会社　グローバルＸ　ロジスティクス・Ｊ?ＲＥＩＴ　ＥＴＦ,Global X Logistics J-REIT ETF,99,その他,9999,その他,-,109,その他
25660,2023-03-14 00:00:00+00:00,日興アセットマネジメント株式会社　上場インデックスファンド日経ＥＳＧリート,Listed Index Fund Nikkei ESG REIT,99,その他,9999,その他,-,109,その他
25670,2023-03-14 00:00:00+00:00,農林中金全共連アセットマネジメント株式会社　ＮＺＡＭ　上場投信　Ｓ＆Ｐ／ＪＰＸカーボン・エフィシェント指数,NZAM ETF S&P/JPX Carbon Efficient Index,99,その他,9999,その他,-,109,その他
25680,2023-03-14 00:00:00+00:00,日興アセットマネジメント株式会社　上場インデックスファンド米国株式（ＮＡＳＤＡＱ１００）為替ヘッジなし,Listed Index Fund US Equity (NASDAQ100) No Currency Hedge,99,その他,9999,その他,-,109,その他
25690,2023-03-14 00:00:00+00:00,日興アセットマネジメント株式会社　上場インデックスファンド米国株式（ＮＡＳＤＡＱ１００）為替ヘッジあり,Listed Index Fund US Equity (NASDAQ100) Currency Hedge,99,その他,9999,その他,-,109,その他
26200,2023-03-14 00:00:00+00:00,ブラックロック・ジャパン株式会社　ｉシェアーズ　米国債１?３年　ＥＴＦ,iShares 1-3 Year US Treasury Bond ETF,99,その他,9999,その他,-,109,その他
26210,2023-03-14 00:00:00+00:00,ブラックロック・ジャパン株式会社　ｉシェアーズ　米国債２０年超　ＥＴＦ（為替ヘッジあり）,iShares 20+ Year US Treasury Bond JPY Hedged ETF,99,その他,9999,その他,-,109,その他
26220,2023-03-14 00:00:00+00:00,ブラックロック・ジャパン株式会社　ｉシェアーズ　米ドル建て新興国債券　ＥＴＦ（為替ヘッジあり）,iShares USD Emerging Markets Bond JPY Hedged ETF,99,その他,9999,その他,-,109,その他
26230,2023-03-14 00:00:00+00:00,ブラックロック・ジャパン株式会社　ｉシェアーズ　ユーロ建て投資適格社債　ＥＴＦ（為替ヘッジあり）,iShares Euro Investment Grade Corporate Bond JPY Hedged ETF,99,その他,9999,その他,-,109,その他
26240,2023-03-14 00:00:00+00:00,大和アセットマネジメント株式会社　ｉＦｒｅｅＥＴＦ　日経２２５（年４回決算型）,iFreeETF-Nikkei225(Quarterly Dividend Type),99,その他,9999,その他,-,109,その他
26250,2023-03-14 00:00:00+00:00,大和アセットマネジメント株式会社　ｉＦｒｅｅＥＴＦ　ＴＯＰＩＸ（年４回決算型）,iFreeETF-TOPIX(Quarterly Dividend Type),99,その他,9999,その他,-,109,その他
26260,2023-03-14 00:00:00+00:00,Ｇｌｏｂａｌ　Ｘ　Ｊａｐａｎ株式会社　グローバルＸ　デジタル・イノベーション?日本株式　ＥＴＦ,Global X Digital Innovation Japan ETF,99,その他,9999,その他,-,109,その他
26270,2023-03-14 00:00:00+00:00,Ｇｌｏｂａｌ　Ｘ　Ｊａｐａｎ株式会社　グローバルＸ　ｅコマース?日本株式　ＥＴＦ,Global X E-Commerce Japan ETF,99,その他,9999,その他,-,109,その他
26280,2023-03-14 00:00:00+00:00,大和アセットマネジメント株式会社　ｉＦｒｅｅＥＴＦ　中国科創板５０（ＳＴＡＲ５０）,iFreeETF China STAR50,99,その他,9999,その他,-,109,その他
26290,2023-03-14 00:00:00+00:00,大和アセットマネジメント株式会社　ｉＦｒｅｅＥＴＦ　中国グレーターベイエリア・イノベーション１００（ＧＢＡ１００）,iFreeETF China GBA100,99,その他,9999,その他,-,109,その他
26300,2023-03-14 00:00:00+00:00,三菱ＵＦＪ国際投信株式会社　ＭＡＸＩＳ米国株式（Ｓ＆Ｐ５００）上場投信（為替ヘッジあり）,MAXIS S&P500 US Equity ETF (JPY Hedged),99,その他,9999,その他,-,109,その他
26310,2023-03-14 00:00:00+00:00,三菱ＵＦＪ国際投信株式会社　ＭＡＸＩＳナスダック１００上場投信,MAXIS NASDAQ100 ETF,99,その他,9999,その他,-,109,その他
26320,2023-03-14 00:00:00+00:00,三菱ＵＦＪ国際投信株式会社　ＭＡＸＩＳナスダック１００上場投信（為替ヘッジあり）,MAXIS NASDAQ100 ETF (JPY Hedged),99,その他,9999,その他,-,109,その他
26330,2023-03-14 00:00:00+00:00,野村アセットマネジメント株式会社　ＮＥＸＴ　ＦＵＮＤＳ　Ｓ＆Ｐ　５００　指数（為替ヘッジなし）連動型上場投信,NEXT FUNDS S&P 500 (Unhedged) Exchange Traded Fund,99,その他,9999,その他,-,109,その他
26340,2023-03-14 00:00:00+00:00,野村アセットマネジメント株式会社　ＮＥＸＴ　ＦＵＮＤＳ　Ｓ＆Ｐ　５００　指数（為替ヘッジあり）連動型上場投信,NEXT FUNDS S&P 500 (Yen-Hedged) Exchange Traded Fund,99,その他,9999,その他,-,109,その他
26350,2023-03-14 00:00:00+00:00,野村アセットマネジメント株式会社　ＮＥＸＴ　ＦＵＮＤＳ　Ｓ＆Ｐ　５００　ＥＳＧ指数連動型上場投信,NEXT FUNDS S&P 500 ESG Index Exchange Traded Fund,99,その他,9999,その他,-,109,その他
26360,2023-03-14 00:00:00+00:00,Ｇｌｏｂａｌ　Ｘ　Ｊａｐａｎ株式会社　グローバルＸ　ＭＳＣＩ　ガバナンス・クオリティ?日本株式　ＥＴＦ,Global X MSCI Governance-Quality Japan ETF,99,その他,9999,その他,-,109,その他
26370,2023-03-14 00:00:00+00:00,Ｇｌｏｂａｌ　Ｘ　Ｊａｐａｎ株式会社　グローバルＸ　クリーンテック　ＥＳＧ?日本株式　ＥＴＦ,Global X CleanTech ESG Japan ETF,99,その他,9999,その他,-,109,その他
26380,2023-03-14 00:00:00+00:00,Ｇｌｏｂａｌ　Ｘ　Ｊａｐａｎ株式会社　グローバルＸ　ロボティクス＆ＡＩ?日本株式　ＥＴＦ,Global X Japan Robotics & AI ETF,99,その他,9999,その他,-,109,その他
26390,2023-03-14 00:00:00+00:00,Ｇｌｏｂａｌ　Ｘ　Ｊａｐａｎ株式会社　グローバルＸ　バイオ＆メドテック?日本株式　ＥＴＦ,Global X Japan Bio & Med Tech ETF,99,その他,9999,その他,-,109,その他
26400,2023-03-14 00:00:00+00:00,Ｇｌｏｂａｌ　Ｘ　Ｊａｐａｎ株式会社　グローバルＸ　ゲーム＆アニメ?日本株式　ＥＴＦ,Global X Japan Games & Animation ETF,99,その他,9999,その他,-,109,その他
26410,2023-03-14 00:00:00+00:00,Ｇｌｏｂａｌ　Ｘ　Ｊａｐａｎ株式会社　グローバルＸ　グローバルリーダーズ　ＥＳＧ?日本株式　ＥＴＦ,Global X Japan Global Leaders ESG ETF,99,その他,9999,その他,-,109,その他
26420,2023-03-14 00:00:00+00:00,三井住友トラスト・アセットマネジメント株式会社　ＳＭＴ　ＥＴＦカーボン・エフィシェント日本株,SMT ETF Carbon Efficient Index Japan Equity,99,その他,9999,その他,-,109,その他
26430,2023-03-14 00:00:00+00:00,野村アセットマネジメント株式会社　ＮＥＸＴ　ＦＵＮＤＳ　ＭＳＣＩジャパンカントリーＥＳＧリーダーズ指数連動型上場投信,NEXT FUNDS MSCI Japan Country ESG Leaders Index Exchange Traded Fund,99,その他,9999,その他,-,109,その他
26440,2023-03-14 00:00:00+00:00,Ｇｌｏｂａｌ　Ｘ　Ｊａｐａｎ株式会社　グローバルＸ　半導体関連?日本株式　ＥＴＦ,Global X Japan Semiconductor ETF,99,その他,9999,その他,-,109,その他
26450,2023-03-14 00:00:00+00:00,Ｇｌｏｂａｌ　Ｘ　Ｊａｐａｎ株式会社　グローバルＸ　レジャー＆エンターテインメント?日本株式　ＥＴＦ,Global X Japan Leisure & Entertainment ETF,99,その他,9999,その他,-,109,その他
26460,2023-03-14 00:00:00+00:00,Ｇｌｏｂａｌ　Ｘ　Ｊａｐａｎ株式会社　グローバルＸ　メタルビジネス?日本株式　ＥＴＦ,Global X Japan Metal Business ETF,99,その他,9999,その他,-,109,その他
26470,2023-03-14 00:00:00+00:00,野村アセットマネジメント株式会社　ＮＥＸＴ　ＦＵＮＤＳ　ブルームバーグ米国国債（７?１０年）インデックス（為替ヘッジなし）連動型上場投信,NEXT FUNDS Bloomberg US Treasury Bond (7-10 year) Index (Unhedged) Exchange Traded Fund,99,その他,9999,その他,-,109,その他
26480,2023-03-14 00:00:00+00:00,野村アセットマネジメント株式会社　ＮＥＸＴ　ＦＵＮＤＳ　ブルームバーグ米国国債（７?１０年）インデックス（為替ヘッジあり）連動型上場投信,NEXT FUNDS Bloomberg US Treasury Bond (7-10 year) Index (Yen-Hedged) Exchange Traded Fund,99,その他,9999,その他,-,109,その他
26490,2023-03-14 00:00:00+00:00,ブラックロック・ジャパン株式会社　ｉシェアーズ　米国政府系機関ジニーメイＭＢＳ　ＥＴＦ（為替ヘッジあり）,iShares Ginnie Mae MBS JPY Hedged ETF,99,その他,9999,その他,-,109,その他
28360,2023-03-14 00:00:00+00:00,Ｇｌｏｂａｌ　Ｘ　Ｊａｐａｎ株式会社　グローバルＸ　フィンテック?日本株式　ＥＴＦ,Global X Japan Fintech ETF,99,その他,9999,その他,-,109,その他
28370,2023-03-14 00:00:00+00:00,Ｇｌｏｂａｌ　Ｘ　Ｊａｐａｎ株式会社　グローバルＸ　中小型リーダーズ　ＥＳＧ?日本株式　ＥＴＦ,Global X Japan Mid & Small Cap Leaders ESG ETF,99,その他,9999,その他,-,109,その他
28380,2023-03-14 00:00:00+00:00,三菱ＵＦＪ国際投信株式会社　ＭＡＸＩＳ米国国債７?１０年上場投信（為替ヘッジなし）,MAXIS US Treasury Bond 7-10 Year ETF (Unhedged),99,その他,9999,その他,-,109,その他
28390,2023-03-14 00:00:00+00:00,三菱ＵＦＪ国際投信株式会社　ＭＡＸＩＳ米国国債７?１０年上場投信（為替ヘッジあり）,MAXIS US Treasury Bond 7-10 Year ETF (JPY Hedged),99,その他,9999,その他,-,109,その他
28400,2023-03-14 00:00:00+00:00,大和アセットマネジメント株式会社　ｉＦｒｅｅＥＴＦ　ＮＡＳＤＡＱ１００（為替ヘッジなし）,iFreeETF NASDAQ100 (NON HEDGED),99,その他,9999,その他,-,109,その他
28410,2023-03-14 00:00:00+00:00,大和アセットマネジメント株式会社　ｉＦｒｅｅＥＴＦ　ＮＡＳＤＡＱ１００（為替ヘッジあり）,iFreeETF NASDAQ100 (JPY HEDGED),99,その他,9999,その他,-,109,その他
28420,2023-03-14 00:00:00+00:00,大和アセットマネジメント株式会社　ｉＦｒｅｅＥＴＦ　ＮＡＳＤＡＱ１００インバース,iFreeETF NASDAQ100 Inverse,99,その他,9999,その他,-,109,その他
28430,2023-03-14 00:00:00+00:00,日興アセットマネジメント株式会社　上場インデックスファンド豪州国債（為替ヘッジあり）,Listed Index Fund Australian Government Bond (Currency Hedge),99,その他,9999,その他,-,109,その他
28440,2023-03-14 00:00:00+00:00,日興アセットマネジメント株式会社　上場インデックスファンド豪州国債（為替ヘッジなし）,Listed Index Fund Australian Government Bond (No Currency Hedge),99,その他,9999,その他,-,109,その他
28450,2023-03-14 00:00:00+00:00,野村アセットマネジメント株式会社　ＮＥＸＴ　ＦＵＮＤＳ　ＮＡＳＤＡＱ?１００（為替ヘッジあり）連動型上場投信,NEXT FUNDS NASDAQ-100(R) (Yen-Hedged) Exchange Traded Fund,99,その他,9999,その他,-,109,その他
28460,2023-03-14 00:00:00+00:00,野村アセットマネジメント株式会社　ＮＥＸＴ　ＦＵＮＤＳ　ダウ・ジョーンズ工業株３０種平均株価（為替ヘッジあり）連動型上場投信,NEXT FUNDS DJIA (Yen-Hedged) Exchange Traded Fund,99,その他,9999,その他,-,109,その他
28470,2023-03-14 00:00:00+00:00,Ｇｌｏｂａｌ　Ｘ　Ｊａｐａｎ株式会社　グローバルＸ　新成長インフラ?日本株式　ＥＴＦ,Global X Japan New Growth Infrastructure ETF,99,その他,9999,その他,-,109,その他
28480,2023-03-14 00:00:00+00:00,Ｇｌｏｂａｌ　Ｘ　Ｊａｐａｎ株式会社　グローバルＸ　ＭＳＣＩ　気候変動対応?日本株式　ＥＴＦ,Global X MSCI Japan Climate Change ETF,99,その他,9999,その他,-,109,その他
28490,2023-03-14 00:00:00+00:00,Ｇｌｏｂａｌ　Ｘ　Ｊａｐａｎ株式会社　グローバルＸ　Ｍｏｒｎｉｎｇｓｔａｒ　高配当　ＥＳＧ?日本株式　ＥＴＦ,Global X Morningstar Japan High Dividend ESG ETF,99,その他,9999,その他,-,109,その他
28500,2023-03-14 00:00:00+00:00,野村アセットマネジメント株式会社　ＮＥＸＴ　ＦＵＮＤＳ　ＳｏｌａｃｔｉｖｅジャパンＥＳＧコア指数連動型上場投信,NEXT FUNDS Solactive Japan ESG Core Index Exchange Traded Fund,99,その他,9999,その他,-,109,その他
28510,2023-03-14 00:00:00+00:00,ブラックロック・ジャパン株式会社　ｉシェアーズ　ＭＳＣＩ　ジャパンＳＲＩ　ＥＴＦ,iShares MSCI Japan SRI ETF,99,その他,9999,その他,-,109,その他
28520,2023-03-14 00:00:00+00:00,ブラックロック・ジャパン株式会社　ｉシェアーズ　グリーンＪリート　ＥＴＦ,iShares Japan Green REIT ETF,99,その他,9999,その他,-,109,その他
28530,2023-03-14 00:00:00+00:00,ブラックロック・ジャパン株式会社　ｉシェアーズ　気候リスク調整世界国債　ＥＴＦ（除く日本・為替ヘッジあり）,iShares Climate Risk-Adjusted Global ex Japan Government Bond JPY Hedged ETF,99,その他,9999,その他,-,109,その他
28540,2023-03-14 00:00:00+00:00,Ｇｌｏｂａｌ　Ｘ　Ｊａｐａｎ株式会社　グローバルＸ　テック・トップ２０?日本株式　ＥＴＦ,Global X Japan Tech Top 20 ETF,99,その他,9999,その他,-,109,その他
28550,2023-03-14 00:00:00+00:00,Ｇｌｏｂａｌ　Ｘ　Ｊａｐａｎ株式会社　グローバルＸ　グリーン・Ｊ?ＲＥＩＴ　ＥＴＦ,Global X Green J-REIT ETF,99,その他,9999,その他,-,109,その他
28560,2023-03-14 00:00:00+00:00,ブラックロック・ジャパン株式会社　ｉシェアーズ　米国債３?７年　ＥＴＦ（為替ヘッジあり）,iShares 3-7 Year US Treasury Bond JPY Hedged ETF,99,その他,9999,その他,-,109,その他
28570,2023-03-14 00:00:00+00:00,ブラックロック・ジャパン株式会社　ｉシェアーズ　ドイツ国債　ＥＴＦ（為替ヘッジあり）,iShares Germany Government Bond JPY Hedged ETF,99,その他,9999,その他,-,109,その他
28580,2023-03-14 00:00:00+00:00,Ｇｌｏｂａｌ　Ｘ　Ｊａｐａｎ株式会社　グローバルＸ　日経２２５　カバード・コール　ＥＴＦ（プレミアム再投資型）,Global X Nikkei 225 Covered Call ETF (option premium reinvestment type),99,その他,9999,その他,-,109,その他
28590,2023-03-14 00:00:00+00:00,野村アセットマネジメント株式会社　ＮＥＸＴ　ＦＵＮＤＳ　ユーロ・ストックス５０指数（為替ヘッジあり）連動型上場投信,NEXT FUNDS EURO STOXX 50 (Yen-Hedged) Exchange Traded Fund,99,その他,9999,その他,-,109,その他
28600,2023-03-14 00:00:00+00:00,野村アセットマネジメント株式会社　ＮＥＸＴ　ＦＵＮＤＳ　ドイツ株式・ＤＡＸ（為替ヘッジあり）連動型上場投信,NEXT FUNDS German Equity DAX (Yen-Hedged) Exchange Traded Fund,99,その他,9999,その他,-,109,その他
28610,2023-03-14 00:00:00+00:00,日興アセットマネジメント株式会社　上場インデックスファンドフランス国債（為替ヘッジなし）,Listed Index Fund France Government Bond (No Currency Hedge),99,その他,9999,その他,-,109,その他
28620,2023-03-14 00:00:00+00:00,日興アセットマネジメント株式会社　上場インデックスファンドフランス国債（為替ヘッジあり）,Listed Index Fund France Government Bond (Currency Hedge),99,その他,9999,その他,-,109,その他
28630,2023-03-14 00:00:00+00:00,野村アセットマネジメント株式会社　ＮＥＸＴ　ＦＵＮＤＳ　Ｓ＆Ｐ米国株式・債券バランス保守型指数（為替ヘッジあり）連動型上場投信,NEXT FUNDS S&P US Equity and Bond Balance Conservative Index (Yen-Hedged) Exchange Traded Fund,99,その他,9999,その他,-,109,その他
28640,2023-03-14 00:00:00+00:00,Ｇｌｏｂａｌ　Ｘ　Ｊａｐａｎ株式会社　グローバルＸ　ロジスティクス・ＲＥＩＴ　ＥＴＦ,Global X Logistics REIT ETF,99,その他,9999,その他,-,109,その他
28650,2023-03-14 00:00:00+00:00,Ｇｌｏｂａｌ　Ｘ　Ｊａｐａｎ株式会社　グローバルＸ　ＮＡＳＤＡＱ１００・カバード・コール　ＥＴＦ,Global X Nasdaq 100 Covered Call ETF,99,その他,9999,その他,-,109,その他
28660,2023-03-14 00:00:00+00:00,Ｇｌｏｂａｌ　Ｘ　Ｊａｐａｎ株式会社　グローバルＸ　米国優先証券　ＥＴＦ,Global X U.S. Preferred Security ETF,99,その他,9999,その他,-,109,その他
28670,2023-03-14 00:00:00+00:00,Ｇｌｏｂａｌ　Ｘ　Ｊａｐａｎ株式会社　グローバルＸ　自動運転＆ＥＶ　ＥＴＦ,Global X Autonomous & EV ETF,99,その他,9999,その他,-,109,その他
28680,2023-03-14 00:00:00+00:00,Ｇｌｏｂａｌ　Ｘ　Ｊａｐａｎ株式会社　グローバルＸ　Ｓ＆Ｐ５００・カバード・コール　ＥＴＦ,Global X S&P 500 Covered Call ETF,99,その他,9999,その他,-,109,その他
28690,2023-03-14 00:00:00+00:00,大和アセットマネジメント株式会社　ｉＦｒｅｅＥＴＦ　ＮＡＳＤＡＱ１００レバレッジ,iFreeETF NASDAQ100 Leveraged(2x),99,その他,9999,その他,-,109,その他
28700,2023-03-14 00:00:00+00:00,大和アセットマネジメント株式会社　ｉＦｒｅｅＥＴＦ　ＮＡＳＤＡＱ１００ダブルインバース,iFreeETF NASDAQ100 Double Inverse(-2x),99,その他,9999,その他,-,109,その他
29710,2023-03-14 00:00:00+00:00,エスコンジャパンリート投資法人,ESCON JAPAN REIT Investment Corporation,99,その他,9999,その他,-,109,その他
29720,2023-03-14 00:00:00+00:00,サンケイリアルエステート投資法人,SANKEI REAL ESTATE Inc.,99,その他,9999,その他,-,109,その他
29790,2023-03-14 00:00:00+00:00,ＳＯＳｉＬＡ物流リート投資法人,"SOSiLA Logistics REIT,Inc.",99,その他,9999,その他,-,109,その他
29890,2023-03-14 00:00:00+00:00,東海道リート投資法人,"Tokaido REIT,Inc.",99,その他,9999,その他,-,109,その他
32260,2023-03-14 00:00:00+00:00,日本アコモデーションファンド投資法人,Nippon Accommodations Fund Inc.,99,その他,9999,その他,-,109,その他
32340,2023-03-14 00:00:00+00:00,森ヒルズリート投資法人,MORI HILLS REIT INVESTMENT CORPORATION,99,その他,9999,その他,-,109,その他
32490,2023-03-14 00:00:00+00:00,産業ファンド投資法人,Industrial & Infrastructure Fund Investment Corporation,99,その他,9999,その他,-,109,その他
32690,2023-03-14 00:00:00+00:00,アドバンス・レジデンス投資法人,Advance Residence Investment Corporation,99,その他,9999,その他,-,109,その他
32780,2023-03-14 00:00:00+00:00,ケネディクス・レジデンシャル・ネクスト投資法人,Kenedix Residential Next Investment Corporation,99,その他,9999,その他,-,109,その他
32790,2023-03-14 00:00:00+00:00,アクティビア・プロパティーズ投資法人,Activia Properties Inc.,99,その他,9999,その他,-,109,その他
32810,2023-03-14 00:00:00+00:00,ＧＬＰ投資法人,GLP J-REIT,99,その他,9999,その他,-,109,その他
32820,2023-03-14 00:00:00+00:00,コンフォリア・レジデンシャル投資法人,"Comforia Residential REIT,Inc",99,その他,9999,その他,-,109,その他
32830,2023-03-14 00:00:00+00:00,日本プロロジスリート投資法人,"Nippon Prologis REIT,Inc.",99,その他,9999,その他,-,109,その他
32870,2023-03-14 00:00:00+00:00,星野リゾート・リート投資法人,"Hoshino Resorts REIT,Inc.",99,その他,9999,その他,-,109,その他
32900,2023-03-14 00:00:00+00:00,Ｏｎｅリート投資法人,"One REIT,Inc.",99,その他,9999,その他,-,109,その他
32920,2023-03-14 00:00:00+00:00,イオンリート投資法人,AEON REIT Investment Corporation,99,その他,9999,その他,-,109,その他
32950,2023-03-14 00:00:00+00:00,ヒューリックリート投資法人,"Hulic Reit,Inc.",99,その他,9999,その他,-,109,その他
32960,2023-03-14 00:00:00+00:00,日本リート投資法人,NIPPON REIT Investment Corporation,99,その他,9999,その他,-,109,その他
33090,2023-03-14 00:00:00+00:00,積水ハウス・リート投資法人,"Sekisui House Reit,Inc.",99,その他,9999,その他,-,109,その他
34510,2023-03-14 00:00:00+00:00,トーセイ・リート投資法人,Tosei Reit Investment Corporation,99,その他,9999,その他,-,109,その他
34530,2023-03-14 00:00:00+00:00,ケネディクス商業リート投資法人,Kenedix Retail REIT Corporation,99,その他,9999,その他,-,109,その他
34550,2023-03-14 00:00:00+00:00,ヘルスケア＆メディカル投資法人,Healthcare & Medical Investment Corporation,99,その他,9999,その他,-,109,その他
34590,2023-03-14 00:00:00+00:00,サムティ・レジデンシャル投資法人,Samty Residential Investment Corporation,99,その他,9999,その他,-,109,その他
34620,2023-03-14 00:00:00+00:00,野村不動産マスターファンド投資法人,"Nomura Real Estate Master Fund,Inc.",99,その他,9999,その他,-,109,その他
34630,2023-03-14 00:00:00+00:00,いちごホテルリート投資法人,Ichigo Hotel REIT Investment Corporation,99,その他,9999,その他,-,109,その他
34660,2023-03-14 00:00:00+00:00,ラサールロジポート投資法人,LaSalle LOGIPORT REIT,99,その他,9999,その他,-,109,その他
34680,2023-03-14 00:00:00+00:00,スターアジア不動産投資法人,Star Asia Investment Corporation,99,その他,9999,その他,-,109,その他
34700,2023-03-14 00:00:00+00:00,マリモ地方創生リート投資法人,"Marimo Regional Revitalization REIT,Inc.",99,その他,9999,その他,-,109,その他
34710,2023-03-14 00:00:00+00:00,三井不動産ロジスティクスパーク投資法人,Mitsui Fudosan Logistics Park Inc.,99,その他,9999,その他,-,109,その他
34720,2023-03-14 00:00:00+00:00,大江戸温泉リート投資法人,Ooedo Onsen Reit Investment Corporation,99,その他,9999,その他,-,109,その他
34760,2023-03-14 00:00:00+00:00,投資法人みらい,MIRAI Corporation,99,その他,9999,その他,-,109,その他
34810,2023-03-14 00:00:00+00:00,三菱地所物流リート投資法人,Mitsubishi Estate Logistics REIT Investment Corporation,99,その他,9999,その他,-,109,その他
34870,2023-03-14 00:00:00+00:00,ＣＲＥロジスティクスファンド投資法人,"CRE Logistics REIT,Inc.",99,その他,9999,その他,-,109,その他
34880,2023-03-14 00:00:00+00:00,ザイマックス・リート投資法人,XYMAX REIT Investment Corporation,99,その他,9999,その他,-,109,その他
34920,2023-03-14 00:00:00+00:00,タカラレーベン不動産投資法人,Takara Leben Real Estate Investment Corporation,99,その他,9999,その他,-,109,その他
34930,2023-03-14 00:00:00+00:00,アドバンス・ロジスティクス投資法人,Advance Logistics Investment Corporation,99,その他,9999,その他,-,109,その他
84210,2023-03-14 00:00:00+00:00,信金中央金庫,Shinkin Central Bank,99,その他,9999,その他,-,112,スタンダード
89510,2023-03-14 00:00:00+00:00,日本ビルファンド投資法人,Nippon Building Fund Inc.,99,その他,9999,その他,-,109,その他
89520,2023-03-14 00:00:00+00:00,ジャパンリアルエステイト投資法人,Japan Real Estate Investment Corporation,99,その他,9999,その他,-,109,その他
89530,2023-03-14 00:00:00+00:00,日本都市ファンド投資法人,Japan Metropolitan Fund Investment Corporation,99,その他,9999,その他,-,109,その他
89540,2023-03-14 00:00:00+00:00,オリックス不動産投資法人,ORIX JREIT Inc.,99,その他,9999,その他,-,109,その他
89550,2023-03-14 00:00:00+00:00,日本プライムリアルティ投資法人,Japan Prime Realty Investment Corporation,99,その他,9999,その他,-,109,その他
89560,2023-03-14 00:00:00+00:00,ＮＴＴ都市開発リート投資法人,NTT UD REIT Investment Corporation,99,その他,9999,その他,-,109,その他
89570,2023-03-14 00:00:00+00:00,東急リアル・エステート投資法人,"TOKYU REIT, Inc.",99,その他,9999,その他,-,109,その他
89580,2023-03-14 00:00:00+00:00,グローバル・ワン不動産投資法人,Global One Real Estate Investment Corporation,99,その他,9999,その他,-,109,その他
89600,2023-03-14 00:00:00+00:00,ユナイテッド・アーバン投資法人,United Urban Investment Corporation,99,その他,9999,その他,-,109,その他
89610,2023-03-14 00:00:00+00:00,森トラストリート投資法人,"MORI TRUST REIT,Inc.",99,その他,9999,その他,-,109,その他
89630,2023-03-14 00:00:00+00:00,インヴィンシブル投資法人,Invincible Investment Corporation,99,その他,9999,その他,-,109,その他
89640,2023-03-14 00:00:00+00:00,フロンティア不動産投資法人,Frontier Real Estate Investment Corporation,99,その他,9999,その他,-,109,その他
89660,2023-03-14 00:00:00+00:00,平和不動産リート投資法人,"HEIWA REAL ESTATE REIT,Inc.",99,その他,9999,その他,-,109,その他
89670,2023-03-14 00:00:00+00:00,日本ロジスティクスファンド投資法人,"Japan Logistics Fund,Inc.",99,その他,9999,その他,-,109,その他
89680,2023-03-14 00:00:00+00:00,福岡リート投資法人,Fukuoka REIT Corporation,99,その他,9999,その他,-,109,その他
89720,2023-03-14 00:00:00+00:00,ケネディクス・オフィス投資法人,Kenedix Office Investment Corporation,99,その他,9999,その他,-,109,その他
89750,2023-03-14 00:00:00+00:00,いちごオフィスリート投資法人,Ichigo Office REIT Investment Corporation,99,その他,9999,その他,-,109,その他
89760,2023-03-14 00:00:00+00:00,大和証券オフィス投資法人,Daiwa Office Investment Corporation,99,その他,9999,その他,-,109,その他
89770,2023-03-14 00:00:00+00:00,阪急阪神リート投資法人,"Hankyu Hanshin REIT,Inc.",99,その他,9999,その他,-,109,その他
89790,2023-03-14 00:00:00+00:00,スターツプロシード投資法人,Starts Proceed Investment Corporation,99,その他,9999,その他,-,109,その他
89840,2023-03-14 00:00:00+00:00,大和ハウスリート投資法人,Daiwa House REIT Investment Corporation,99,その他,9999,その他,-,109,その他
89850,2023-03-14 00:00:00+00:00,ジャパン・ホテル・リート投資法人,Japan Hotel REIT Investment Corporation,99,その他,9999,その他,-,109,その他
89860,2023-03-14 00:00:00+00:00,大和証券リビング投資法人,Daiwa Securities Living Investment Corporation,99,その他,9999,その他,-,109,その他
89870,2023-03-14 00:00:00+00:00,ジャパンエクセレント投資法人,"Japan Excellent,Inc.",99,その他,9999,その他,-,109,その他
92820,2023-03-14 00:00:00+00:00,いちごグリーンインフラ投資法人,Ichigo Green Infrastructure Investment Corporation,99,その他,9999,その他,-,109,その他
92840,2023-03-14 00:00:00+00:00,カナディアン・ソーラー・インフラ投資法人,"Canadian Solar Infrastructure Fund,Inc.",99,その他,9999,その他,-,109,その他
92850,2023-03-14 00:00:00+00:00,東京インフラ・エネルギー投資法人,Tokyo Infrastructure Energy Investment Corporation,99,その他,9999,その他,-,109,その他
92860,2023-03-14 00:00:00+00:00,エネクス・インフラ投資法人,Enex Infrastructure Investment Corporation,99,その他,9999,その他,-,109,その他
92870,2023-03-14 00:00:00+00:00,ジャパン・インフラファンド投資法人,Japan Infrastructure Fund Investment Corporation,99,その他,9999,その他,-,109,その他
